time	untreated_1	untreated_2	untreated_3	untreated_4	untreated_5	untreated_6	untreated_7	untreated_8	untreated_9	untreated_10	untreated_11	untreated_12	untreated_13	untreated_14	untreated_15	untreated_16	untreated_17	untreated_18	untreated_19	untreated_20	untreated_21	untreated_22	untreated_23	untreated_24	untreated_25	HSFPh_1	HSFPh_2	HSFPh_3	HSFPh_4	HSFPh_5	HSFPh_6	HSFPh_7	HSFPh_8	HSFPh_9	HSFPh_10	HSFPh_11	HSFPh_12	HSFPh_13	HSFPh_14	HSFPh_15	HSFPh_16	HSFPh_17	HSFPh_18	HSFPh_19	HSFPh_20	HSFPh_21	HSFPh_22	HSFPh_23	HSFPh_24	HSFPh_25
00:00	0.0915	0.09	0.089	0.091	0.089	0.092	0.086	0.089	0.086	0.086	0.086	0.086	0.09	0.087	0.091	0.088	0.092	0.087	0.089	0.089	0.09	0.091	0.089	0.089	0.091	0.088	0.088	0.089	0.0895	0.089	0.09	0.091	0.086	0.089	0.085	0.088	0.085	0.087	0.087	0.089	0.091	0.09	0.09	0.09	0.09	0.088	0.088	0.089	0.09	0.088
00:20	0.091	0.089	0.088	0.091	0.089	0.092	0.086	0.089	0.085	0.086	0.086	0.085	0.09	0.087	0.091	0.087	0.092	0.087	0.088	0.089	0.089	0.09	0.089	0.089	0.091	0.088	0.087	0.089	0.089	0.088	0.09	0.091	0.086	0.089	0.085	0.088	0.085	0.086	0.087	0.088	0.09	0.089	0.089	0.09	0.089	0.087	0.088	0.088	0.09	0.088
00:40	0.091	0.089	0.088	0.0905	0.089	0.092	0.086	0.089	0.085	0.086	0.086	0.085	0.09	0.087	0.09	0.087	0.092	0.087	0.088	0.089	0.089	0.09	0.088	0.089	0.091	0.087	0.087	0.089	0.089	0.088	0.09	0.091	0.086	0.089	0.085	0.088	0.085	0.087	0.087	0.088	0.09	0.089	0.089	0.089	0.089	0.087	0.087	0.088	0.09	0.088
01:00	0.091	0.089	0.088	0.0905	0.089	0.092	0.086	0.089	0.085	0.086	0.086	0.086	0.09	0.087	0.09	0.087	0.092	0.087	0.088	0.088	0.089	0.09	0.089	0.089	0.091	0.087	0.087	0.089	0.089	0.088	0.09	0.091	0.086	0.089	0.085	0.088	0.085	0.087	0.087	0.089	0.09	0.089	0.089	0.089	0.089	0.087	0.088	0.088	0.09	0.087
01:20	0.091	0.089	0.089	0.0905	0.09	0.0925	0.086	0.089	0.086	0.086	0.086	0.086	0.09	0.087	0.091	0.088	0.092	0.087	0.088	0.089	0.089	0.091	0.089	0.089	0.091	0.088	0.087	0.089	0.0895	0.088	0.09	0.091	0.087	0.089	0.085	0.088	0.086	0.087	0.087	0.089	0.09	0.089	0.089	0.089	0.089	0.087	0.088	0.089	0.09	0.088
01:40	0.092	0.09	0.089	0.0915	0.09	0.0925	0.087	0.09	0.086	0.086	0.086	0.086	0.09	0.088	0.091	0.088	0.092	0.087	0.089	0.089	0.09	0.091	0.089	0.09	0.092	0.088	0.087	0.089	0.0895	0.088	0.0905	0.092	0.087	0.09	0.086	0.088	0.086	0.087	0.087	0.089	0.091	0.09	0.089	0.09	0.089	0.087	0.088	0.089	0.09	0.088
02:00	0.093	0.091	0.09	0.0915	0.092	0.0935	0.088	0.091	0.087	0.087	0.087	0.087	0.091	0.089	0.092	0.089	0.092	0.088	0.089	0.089	0.09	0.091	0.09	0.09	0.092	0.088	0.088	0.09	0.09	0.089	0.0905	0.092	0.087	0.09	0.086	0.089	0.087	0.087	0.087	0.089	0.092	0.09	0.09	0.09	0.09	0.087	0.088	0.089	0.09	0.088
02:20	0.0945	0.093	0.092	0.0925	0.094	0.0955	0.089	0.092	0.088	0.088	0.089	0.089	0.093	0.09	0.093	0.09	0.093	0.089	0.09	0.09	0.091	0.092	0.092	0.091	0.093	0.089	0.088	0.09	0.0905	0.088	0.09	0.092	0.087	0.09	0.086	0.088	0.087	0.087	0.088	0.089	0.093	0.09	0.09	0.09	0.09	0.087	0.088	0.089	0.091	0.088
02:40	0.098	0.096	0.095	0.0945	0.099	0.0985	0.092	0.095	0.09	0.09	0.092	0.092	0.096	0.093	0.095	0.092	0.095	0.092	0.091	0.092	0.092	0.093	0.096	0.092	0.094	0.089	0.088	0.091	0.0925	0.088	0.09	0.091	0.087	0.09	0.086	0.088	0.089	0.087	0.087	0.089	0.096	0.09	0.09	0.09	0.09	0.087	0.088	0.089	0.09	0.088
03:00	0.104	0.101	0.101	0.098	0.107	0.104	0.096	0.099	0.095	0.094	0.096	0.097	0.102	0.097	0.098	0.097	0.097	0.096	0.094	0.095	0.093	0.096	0.102	0.094	0.097	0.09	0.088	0.0915	0.0945	0.088	0.09	0.091	0.087	0.089	0.086	0.088	0.091	0.087	0.087	0.089	0.097	0.09	0.089	0.09	0.089	0.087	0.087	0.09	0.09	0.087
03:20	0.1105	0.107	0.108	0.1045	0.113	0.1125	0.103	0.107	0.101	0.099	0.104	0.104	0.11	0.106	0.102	0.103	0.101	0.102	0.098	0.099	0.096	0.1	0.108	0.097	0.101	0.091	0.088	0.094	0.0975	0.088	0.09	0.091	0.087	0.089	0.085	0.088	0.092	0.086	0.087	0.088	0.097	0.09	0.089	0.09	0.089	0.087	0.087	0.091	0.09	0.087
03:40	0.117	0.114	0.115	0.111	0.118	0.1195	0.111	0.117	0.108	0.108	0.111	0.111	0.117	0.114	0.11	0.109	0.107	0.108	0.105	0.105	0.102	0.107	0.114	0.103	0.11	0.093	0.089	0.0975	0.0985	0.088	0.0905	0.091	0.088	0.09	0.086	0.087	0.093	0.086	0.087	0.088	0.098	0.089	0.089	0.089	0.089	0.087	0.087	0.093	0.09	0.087
04:00	0.123	0.12	0.121	0.118	0.122	0.1255	0.116	0.124	0.114	0.113	0.114	0.117	0.125	0.122	0.117	0.113	0.116	0.113	0.113	0.11	0.109	0.117	0.118	0.112	0.119	0.096	0.091	0.1	0.098	0.088	0.091	0.091	0.089	0.091	0.086	0.087	0.094	0.086	0.087	0.088	0.099	0.089	0.089	0.089	0.089	0.087	0.087	0.097	0.09	0.087
04:20	0.1285	0.125	0.127	0.1235	0.126	0.132	0.122	0.131	0.121	0.119	0.12	0.123	0.135	0.13	0.123	0.119	0.124	0.12	0.121	0.115	0.114	0.125	0.127	0.119	0.128	0.097	0.093	0.1005	0.0985	0.089	0.092	0.091	0.092	0.092	0.087	0.087	0.096	0.086	0.087	0.088	0.099	0.089	0.089	0.089	0.089	0.087	0.087	0.102	0.09	0.087
04:40	0.135	0.131	0.134	0.1305	0.129	0.1375	0.13	0.139	0.128	0.126	0.128	0.129	0.14	0.14	0.13	0.121	0.13	0.125	0.128	0.12	0.118	0.133	0.13	0.126	0.137	0.097	0.094	0.101	0.097	0.09	0.0925	0.091	0.095	0.095	0.088	0.088	0.097	0.086	0.088	0.088	0.097	0.089	0.089	0.089	0.089	0.087	0.087	0.106	0.09	0.087
05:00	0.146	0.136	0.139	0.1375	0.14	0.145	0.136	0.145	0.134	0.131	0.136	0.134	0.147	0.148	0.137	0.128	0.14	0.129	0.136	0.126	0.124	0.142	0.139	0.135	0.146	0.097	0.093	0.1035	0.0945	0.091	0.093	0.092	0.097	0.097	0.09	0.088	0.099	0.086	0.089	0.088	0.097	0.09	0.089	0.089	0.089	0.087	0.088	0.109	0.09	0.087
05:20	0.154	0.143	0.148	0.1445	0.147	0.153	0.141	0.153	0.142	0.138	0.142	0.141	0.156	0.157	0.147	0.135	0.147	0.139	0.143	0.131	0.137	0.148	0.147	0.141	0.155	0.096	0.092	0.107	0.0935	0.093	0.0925	0.093	0.099	0.099	0.092	0.088	0.098	0.087	0.091	0.088	0.097	0.09	0.089	0.09	0.089	0.087	0.088	0.112	0.09	0.087
05:40	0.1615	0.149	0.154	0.153	0.157	0.163	0.148	0.161	0.149	0.144	0.149	0.149	0.164	0.165	0.157	0.145	0.152	0.151	0.15	0.137	0.141	0.157	0.154	0.152	0.165	0.095	0.09	0.11	0.0935	0.095	0.0945	0.096	0.103	0.1	0.093	0.089	0.097	0.087	0.095	0.088	0.096	0.091	0.089	0.09	0.089	0.087	0.089	0.115	0.09	0.088
06:00	0.1735	0.156	0.164	0.158	0.165	0.1685	0.157	0.169	0.157	0.151	0.157	0.16	0.175	0.173	0.165	0.15	0.163	0.155	0.16	0.145	0.149	0.166	0.162	0.16	0.172	0.096	0.089	0.108	0.0935	0.094	0.0975	0.099	0.107	0.101	0.092	0.091	0.097	0.087	0.1	0.089	0.095	0.092	0.089	0.091	0.089	0.087	0.089	0.116	0.09	0.088
06:20	0.1865	0.163	0.17	0.167	0.177	0.1785	0.166	0.179	0.164	0.159	0.169	0.175	0.183	0.183	0.176	0.156	0.169	0.164	0.168	0.151	0.154	0.176	0.17	0.17	0.182	0.097	0.089	0.107	0.094	0.094	0.0995	0.101	0.11	0.103	0.091	0.093	0.098	0.088	0.105	0.089	0.094	0.095	0.089	0.092	0.089	0.087	0.091	0.116	0.09	0.088
06:40	0.206	0.172	0.182	0.175	0.191	0.1895	0.175	0.194	0.175	0.169	0.181	0.19	0.191	0.193	0.181	0.168	0.178	0.168	0.18	0.156	0.162	0.181	0.182	0.185	0.191	0.099	0.089	0.1065	0.0945	0.094	0.101	0.102	0.107	0.107	0.091	0.098	0.101	0.089	0.109	0.089	0.093	0.098	0.089	0.093	0.089	0.087	0.093	0.115	0.09	0.088
07:00	0.235	0.182	0.195	0.183	0.204	0.2015	0.185	0.202	0.186	0.179	0.192	0.207	0.207	0.204	0.195	0.178	0.19	0.179	0.189	0.166	0.177	0.195	0.19	0.195	0.205	0.101	0.089	0.106	0.0955	0.095	0.101	0.102	0.104	0.112	0.093	0.105	0.103	0.091	0.112	0.09	0.092	0.102	0.089	0.094	0.089	0.087	0.097	0.113	0.09	0.089
07:20	0.2685	0.192	0.2	0.193	0.22	0.216	0.199	0.212	0.198	0.192	0.204	0.221	0.218	0.211	0.209	0.19	0.2	0.186	0.205	0.175	0.187	0.205	0.201	0.203	0.213	0.105	0.09	0.106	0.0955	0.095	0.1015	0.105	0.101	0.114	0.095	0.112	0.108	0.093	0.116	0.092	0.092	0.107	0.089	0.094	0.089	0.088	0.101	0.111	0.09	0.09
07:40	0.3015	0.213	0.221	0.209	0.241	0.234	0.223	0.224	0.209	0.205	0.22	0.25	0.233	0.223	0.228	0.213	0.213	0.194	0.219	0.185	0.198	0.22	0.213	0.215	0.222	0.107	0.09	0.106	0.0955	0.096	0.0995	0.109	0.101	0.112	0.098	0.117	0.105	0.097	0.122	0.095	0.092	0.112	0.089	0.094	0.089	0.088	0.107	0.109	0.091	0.092
08:00	0.34	0.23	0.238	0.225	0.276	0.263	0.253	0.241	0.224	0.218	0.24	0.279	0.255	0.231	0.244	0.228	0.238	0.203	0.231	0.193	0.202	0.229	0.218	0.222	0.234	0.11	0.091	0.106	0.094	0.097	0.098	0.114	0.099	0.107	0.098	0.121	0.102	0.099	0.122	0.099	0.092	0.117	0.089	0.094	0.089	0.089	0.113	0.108	0.092	0.097
08:20	0.3805	0.259	0.257	0.2435	0.317	0.2895	0.289	0.27	0.237	0.24	0.26	0.32	0.266	0.239	0.27	0.265	0.256	0.21	0.245	0.198	0.215	0.246	0.225	0.228	0.247	0.108	0.092	0.106	0.093	0.1	0.0975	0.117	0.098	0.104	0.095	0.121	0.102	0.094	0.119	0.104	0.093	0.122	0.089	0.095	0.089	0.091	0.117	0.108	0.094	0.103
08:40	0.421	0.286	0.277	0.2645	0.353	0.3125	0.324	0.307	0.257	0.273	0.296	0.36	0.283	0.249	0.292	0.304	0.274	0.224	0.263	0.207	0.229	0.253	0.232	0.242	0.255	0.108	0.093	0.106	0.0925	0.103	0.0975	0.113	0.097	0.101	0.092	0.114	0.102	0.09	0.111	0.11	0.093	0.126	0.089	0.096	0.089	0.093	0.121	0.107	0.096	0.11
09:00	0.466	0.317	0.311	0.288	0.395	0.341	0.362	0.349	0.287	0.314	0.325	0.41	0.31	0.254	0.321	0.336	0.302	0.235	0.308	0.216	0.236	0.269	0.245	0.251	0.271	0.106	0.093	0.106	0.092	0.106	0.098	0.108	0.096	0.099	0.09	0.109	0.099	0.089	0.106	0.115	0.092	0.132	0.089	0.098	0.089	0.096	0.128	0.106	0.102	0.115
09:20	0.512	0.365	0.346	0.314	0.443	0.3705	0.411	0.388	0.308	0.344	0.363	0.471	0.337	0.266	0.353	0.388	0.34	0.244	0.336	0.226	0.247	0.291	0.255	0.262	0.282	0.104	0.094	0.1055	0.092	0.109	0.097	0.106	0.095	0.097	0.09	0.108	0.098	0.09	0.105	0.122	0.092	0.135	0.09	0.101	0.089	0.102	0.131	0.105	0.109	0.12
09:40	0.559	0.409	0.385	0.3435	0.487	0.402	0.461	0.43	0.333	0.378	0.408	0.527	0.354	0.269	0.386	0.445	0.383	0.259	0.379	0.236	0.254	0.311	0.27	0.273	0.295	0.105	0.095	0.105	0.092	0.113	0.0955	0.102	0.095	0.096	0.089	0.107	0.096	0.09	0.106	0.127	0.092	0.139	0.09	0.106	0.089	0.109	0.13	0.103	0.114	0.124
10:00	0.6125	0.467	0.432	0.3745	0.531	0.4405	0.508	0.477	0.369	0.426	0.451	0.596	0.389	0.277	0.431	0.52	0.419	0.28	0.424	0.25	0.269	0.33	0.288	0.29	0.313	0.104	0.094	0.1045	0.092	0.112	0.095	0.098	0.096	0.096	0.09	0.104	0.095	0.09	0.106	0.133	0.092	0.142	0.09	0.11	0.089	0.114	0.118	0.102	0.115	0.13
10:20	0.657	0.526	0.483	0.407	0.578	0.4745	0.558	0.539	0.409	0.474	0.504	0.661	0.428	0.281	0.47	0.577	0.468	0.309	0.468	0.263	0.276	0.36	0.307	0.309	0.327	0.103	0.093	0.104	0.092	0.105	0.0955	0.097	0.096	0.095	0.09	0.101	0.093	0.092	0.105	0.14	0.092	0.147	0.09	0.109	0.089	0.119	0.116	0.101	0.11	0.13
10:40	0.711	0.574	0.53	0.438	0.62	0.515	0.606	0.604	0.45	0.532	0.557	0.726	0.454	0.293	0.514	0.631	0.53	0.334	0.514	0.276	0.288	0.395	0.328	0.324	0.344	0.102	0.094	0.103	0.092	0.103	0.096	0.098	0.097	0.095	0.091	0.098	0.093	0.093	0.104	0.145	0.092	0.149	0.09	0.102	0.089	0.122	0.116	0.1	0.106	0.127
11:00	0.7555	0.628	0.574	0.4685	0.656	0.5515	0.649	0.659	0.493	0.589	0.606	0.773	0.499	0.298	0.553	0.687	0.578	0.364	0.56	0.291	0.295	0.421	0.351	0.34	0.365	0.101	0.094	0.103	0.092	0.102	0.097	0.098	0.098	0.095	0.091	0.096	0.093	0.096	0.103	0.15	0.093	0.149	0.09	0.096	0.089	0.125	0.116	0.1	0.106	0.122
11:20	0.804	0.686	0.626	0.4975	0.7	0.5925	0.693	0.717	0.548	0.648	0.656	0.818	0.541	0.309	0.595	0.743	0.626	0.412	0.608	0.306	0.31	0.459	0.369	0.367	0.376	0.1	0.096	0.103	0.093	0.102	0.0975	0.1	0.098	0.095	0.092	0.096	0.093	0.099	0.104	0.158	0.093	0.145	0.091	0.094	0.089	0.123	0.113	0.099	0.103	0.113
11:40	0.844	0.731	0.667	0.525	0.74	0.631	0.727	0.767	0.607	0.697	0.697	0.864	0.587	0.319	0.639	0.789	0.668	0.446	0.645	0.32	0.326	0.499	0.396	0.39	0.39	0.1	0.096	0.1035	0.093	0.101	0.098	0.104	0.098	0.095	0.093	0.097	0.095	0.098	0.105	0.161	0.093	0.128	0.091	0.094	0.089	0.111	0.112	0.099	0.099	0.109
12:00	0.8825	0.781	0.717	0.5525	0.773	0.6715	0.761	0.817	0.656	0.739	0.748	0.91	0.625	0.33	0.681	0.845	0.712	0.487	0.685	0.354	0.346	0.528	0.422	0.41	0.405	0.099	0.095	0.104	0.093	0.1	0.098	0.109	0.098	0.095	0.094	0.098	0.097	0.094	0.106	0.167	0.093	0.12	0.09	0.093	0.089	0.106	0.113	0.099	0.097	0.109
12:20	0.924	0.833	0.757	0.577	0.805	0.7065	0.802	0.867	0.699	0.784	0.778	0.953	0.673	0.341	0.721	0.884	0.75	0.529	0.723	0.392	0.358	0.565	0.454	0.443	0.424	0.098	0.096	0.1035	0.093	0.1	0.098	0.111	0.098	0.096	0.095	0.099	0.101	0.092	0.104	0.171	0.093	0.118	0.09	0.093	0.089	0.105	0.113	0.099	0.096	0.109
12:40	0.957	0.874	0.798	0.6005	0.846	0.7455	0.834	0.915	0.747	0.832	0.818	0.992	0.717	0.352	0.761	0.928	0.778	0.578	0.753	0.427	0.382	0.6	0.49	0.472	0.435	0.098	0.096	0.104	0.093	0.102	0.0985	0.111	0.097	0.096	0.096	0.098	0.102	0.092	0.103	0.172	0.093	0.118	0.09	0.093	0.089	0.105	0.112	0.098	0.096	0.107
13:00	0.99	0.918	0.841	0.622	0.874	0.78	0.866	0.955	0.785	0.867	0.856	1.027	0.761	0.369	0.795	0.962	0.805	0.629	0.781	0.47	0.404	0.632	0.522	0.501	0.457	0.098	0.096	0.104	0.093	0.104	0.0985	0.107	0.096	0.096	0.096	0.099	0.1	0.092	0.103	0.176	0.093	0.118	0.09	0.093	0.09	0.102	0.11	0.098	0.096	0.105
13:20	1.017	0.953	0.875	0.643	0.906	0.8125	0.895	0.997	0.827	0.905	0.892	1.06	0.808	0.394	0.834	0.996	0.835	0.666	0.812	0.51	0.429	0.666	0.552	0.535	0.471	0.097	0.096	0.1035	0.0935	0.104	0.0985	0.103	0.096	0.096	0.096	0.099	0.098	0.092	0.103	0.18	0.093	0.116	0.09	0.093	0.09	0.099	0.108	0.097	0.096	0.102
13:40	1.041	0.985	0.91	0.6565	0.93	0.848	0.924	1.026	0.865	0.936	0.92	1.085	0.856	0.419	0.865	1.028	0.864	0.716	0.838	0.542	0.454	0.699	0.589	0.566	0.496	0.097	0.096	0.104	0.094	0.103	0.0985	0.1	0.096	0.096	0.095	0.097	0.095	0.093	0.103	0.182	0.093	0.114	0.09	0.094	0.09	0.096	0.105	0.097	0.096	0.101
14:00	1.066	1.016	0.936	0.674	0.953	0.8765	0.952	1.06	0.9	0.972	0.95	1.111	0.898	0.435	0.896	1.054	0.892	0.746	0.863	0.586	0.484	0.734	0.63	0.593	0.511	0.097	0.097	0.104	0.094	0.102	0.0985	0.099	0.095	0.096	0.095	0.096	0.094	0.093	0.104	0.183	0.093	0.113	0.09	0.093	0.09	0.095	0.102	0.096	0.097	0.101
14:20	1.0885	1.043	0.961	0.689	0.975	0.9065	0.979	1.088	0.932	0.996	0.974	1.131	0.94	0.456	0.926	1.075	0.913	0.788	0.885	0.629	0.506	0.763	0.67	0.628	0.535	0.097	0.097	0.1045	0.094	0.102	0.0985	0.099	0.095	0.096	0.094	0.095	0.094	0.093	0.104	0.181	0.093	0.112	0.09	0.094	0.09	0.096	0.101	0.096	0.098	0.103
14:40	1.108	1.07	0.988	0.702	1	0.94	1.002	1.111	0.966	1.025	0.999	1.149	0.977	0.475	0.955	1.09	0.933	0.821	0.905	0.668	0.537	0.795	0.709	0.672	0.558	0.097	0.097	0.1055	0.095	0.101	0.0985	0.1	0.094	0.096	0.094	0.094	0.095	0.094	0.105	0.179	0.093	0.111	0.09	0.094	0.089	0.095	0.099	0.096	0.1	0.105
15:00	1.1265	1.092	1.014	0.7175	1.018	0.9645	1.024	1.135	0.993	1.051	1.02	1.169	1.017	0.486	0.986	1.107	0.959	0.854	0.928	0.698	0.565	0.824	0.759	0.699	0.582	0.097	0.097	0.106	0.095	0.101	0.0985	0.101	0.094	0.096	0.094	0.094	0.095	0.094	0.105	0.175	0.093	0.11	0.09	0.094	0.089	0.095	0.099	0.096	0.102	0.105
15:20	1.145	1.113	1.037	0.731	1.037	0.989	1.042	1.157	1.016	1.075	1.043	1.184	1.048	0.505	1.007	1.129	0.973	0.883	0.947	0.731	0.596	0.857	0.806	0.735	0.609	0.096	0.097	0.106	0.0955	0.101	0.0985	0.102	0.094	0.096	0.094	0.094	0.096	0.094	0.105	0.174	0.093	0.109	0.09	0.094	0.089	0.095	0.099	0.096	0.104	0.102
15:40	1.1585	1.133	1.058	0.744	1.053	1.015	1.061	1.177	1.044	1.096	1.06	1.199	1.08	0.523	1.032	1.145	0.998	0.91	0.965	0.763	0.625	0.89	0.843	0.773	0.638	0.096	0.097	0.1065	0.096	0.102	0.0985	0.104	0.094	0.096	0.093	0.094	0.097	0.094	0.105	0.165	0.093	0.109	0.09	0.094	0.089	0.095	0.099	0.096	0.104	0.1
16:00	1.1725	1.15	1.076	0.7565	1.07	1.0365	1.082	1.196	1.065	1.117	1.079	1.211	1.108	0.547	1.057	1.159	1.018	0.938	0.987	0.792	0.655	0.915	0.893	0.806	0.659	0.096	0.097	0.107	0.0965	0.102	0.098	0.107	0.094	0.096	0.093	0.093	0.098	0.094	0.105	0.163	0.093	0.109	0.09	0.094	0.089	0.095	0.099	0.096	0.1	0.099
16:20	1.183	1.164	1.093	0.7695	1.085	1.057	1.098	1.211	1.09	1.135	1.098	1.225	1.134	0.566	1.078	1.174	1.035	0.962	1	0.814	0.686	0.939	0.93	0.84	0.689	0.096	0.097	0.1075	0.097	0.103	0.098	0.109	0.094	0.096	0.093	0.093	0.1	0.094	0.105	0.157	0.093	0.109	0.09	0.094	0.089	0.095	0.099	0.096	0.098	0.099
16:40	1.194	1.181	1.108	0.779	1.099	1.0775	1.112	1.227	1.108	1.15	1.115	1.235	1.159	0.592	1.098	1.185	1.05	0.986	1.02	0.845	0.717	0.97	0.971	0.873	0.71	0.097	0.097	0.108	0.097	0.104	0.098	0.107	0.095	0.096	0.093	0.093	0.101	0.094	0.105	0.155	0.093	0.11	0.09	0.094	0.089	0.095	0.099	0.096	0.098	0.1
17:00	1.205	1.194	1.127	0.793	1.113	1.0955	1.127	1.239	1.127	1.165	1.128	1.246	1.181	0.614	1.119	1.2	1.068	1.005	1.038	0.869	0.748	0.996	1.011	0.903	0.735	0.097	0.098	0.109	0.097	0.103	0.099	0.103	0.095	0.096	0.092	0.094	0.101	0.094	0.105	0.153	0.093	0.112	0.09	0.094	0.089	0.095	0.099	0.096	0.098	0.1
17:20	1.2155	1.204	1.143	0.8045	1.126	1.1105	1.141	1.253	1.141	1.18	1.141	1.258	1.196	0.642	1.133	1.212	1.083	1.027	1.052	0.889	0.781	1.017	1.045	0.929	0.76	0.097	0.098	0.1105	0.096	0.103	0.099	0.101	0.095	0.096	0.092	0.094	0.1	0.094	0.105	0.15	0.093	0.114	0.09	0.094	0.09	0.095	0.099	0.096	0.099	0.1
17:40	1.2235	1.214	1.153	0.819	1.138	1.1245	1.157	1.265	1.154	1.194	1.153	1.267	1.214	0.662	1.149	1.22	1.095	1.046	1.066	0.913	0.808	1.038	1.082	0.96	0.784	0.096	0.097	0.1105	0.0955	0.103	0.099	0.101	0.095	0.096	0.092	0.094	0.099	0.094	0.105	0.148	0.093	0.115	0.09	0.094	0.09	0.096	0.099	0.096	0.099	0.101
18:00	1.2305	1.223	1.165	0.8285	1.149	1.1365	1.166	1.274	1.168	1.203	1.167	1.276	1.23	0.683	1.164	1.233	1.107	1.064	1.08	0.932	0.834	1.061	1.108	0.987	0.807	0.097	0.098	0.1115	0.0955	0.103	0.099	0.101	0.095	0.096	0.092	0.094	0.098	0.094	0.104	0.146	0.093	0.114	0.09	0.094	0.09	0.096	0.099	0.096	0.1	0.101
18:20	1.2385	1.231	1.179	0.842	1.162	1.149	1.178	1.284	1.181	1.215	1.179	1.286	1.241	0.714	1.18	1.243	1.125	1.081	1.097	0.954	0.865	1.08	1.132	1.013	0.839	0.097	0.098	0.112	0.0955	0.104	0.099	0.101	0.095	0.096	0.092	0.094	0.098	0.093	0.104	0.146	0.093	0.112	0.09	0.094	0.09	0.097	0.099	0.096	0.102	0.101
18:40	1.245	1.236	1.191	0.8565	1.171	1.162	1.188	1.294	1.193	1.224	1.192	1.294	1.252	0.736	1.194	1.251	1.132	1.094	1.108	0.97	0.898	1.099	1.156	1.038	0.861	0.097	0.098	0.1125	0.0955	0.104	0.099	0.102	0.095	0.096	0.092	0.094	0.098	0.093	0.104	0.146	0.093	0.11	0.09	0.094	0.09	0.097	0.099	0.096	0.102	0.101
19:00	1.252	1.245	1.203	0.8705	1.179	1.173	1.198	1.305	1.204	1.234	1.2	1.301	1.265	0.761	1.204	1.26	1.141	1.109	1.119	0.988	0.925	1.115	1.177	1.066	0.884	0.097	0.098	0.113	0.0955	0.105	0.099	0.102	0.095	0.096	0.092	0.094	0.099	0.093	0.103	0.145	0.093	0.11	0.09	0.095	0.09	0.098	0.099	0.096	0.102	0.1
19:20	1.256	1.252	1.213	0.8865	1.188	1.1825	1.208	1.313	1.216	1.243	1.212	1.308	1.275	0.782	1.216	1.266	1.152	1.121	1.13	1.009	0.953	1.132	1.194	1.087	0.908	0.097	0.098	0.1145	0.096	0.105	0.099	0.103	0.095	0.096	0.092	0.094	0.1	0.093	0.103	0.145	0.093	0.11	0.09	0.095	0.09	0.1	0.099	0.096	0.1	0.1
19:40	1.261	1.256	1.221	0.898	1.196	1.188	1.219	1.321	1.224	1.252	1.221	1.313	1.284	0.805	1.23	1.273	1.165	1.132	1.141	1.021	0.981	1.146	1.205	1.105	0.934	0.097	0.099	0.1145	0.0965	0.106	0.0995	0.103	0.095	0.096	0.092	0.094	0.1	0.093	0.103	0.145	0.093	0.111	0.09	0.095	0.09	0.101	0.099	0.096	0.1	0.1
20:00	1.267	1.259	1.231	0.9055	1.204	1.1955	1.223	1.327	1.232	1.261	1.23	1.32	1.293	0.828	1.242	1.279	1.171	1.144	1.148	1.037	1.008	1.158	1.216	1.124	0.96	0.097	0.099	0.115	0.097	0.107	0.0995	0.104	0.095	0.096	0.092	0.094	0.101	0.093	0.103	0.145	0.093	0.112	0.09	0.096	0.09	0.102	0.099	0.096	0.1	0.1
20:20	1.271	1.264	1.24	0.9155	1.211	1.2025	1.236	1.334	1.24	1.27	1.237	1.325	1.301	0.847	1.252	1.286	1.18	1.154	1.156	1.048	1.029	1.173	1.227	1.146	0.984	0.097	0.099	0.1155	0.097	0.107	0.0995	0.105	0.095	0.096	0.092	0.094	0.102	0.093	0.103	0.144	0.093	0.112	0.09	0.096	0.09	0.103	0.099	0.097	0.1	0.1
20:40	1.275	1.27	1.25	0.924	1.218	1.2075	1.243	1.341	1.248	1.276	1.246	1.33	1.308	0.873	1.265	1.289	1.189	1.163	1.167	1.061	1.051	1.185	1.235	1.162	1.006	0.097	0.099	0.116	0.0975	0.108	0.0995	0.107	0.095	0.096	0.092	0.094	0.103	0.093	0.102	0.144	0.093	0.113	0.09	0.096	0.09	0.101	0.099	0.097	0.101	0.1
21:00	1.2785	1.273	1.257	0.934	1.224	1.2125	1.251	1.345	1.256	1.283	1.252	1.336	1.315	0.892	1.273	1.294	1.196	1.174	1.174	1.072	1.071	1.196	1.249	1.181	1.027	0.097	0.099	0.117	0.098	0.108	0.0995	0.108	0.095	0.096	0.092	0.094	0.102	0.093	0.102	0.143	0.093	0.113	0.09	0.097	0.09	0.098	0.099	0.097	0.102	0.1
21:20	1.2815	1.277	1.263	0.9435	1.229	1.2175	1.256	1.35	1.263	1.289	1.262	1.338	1.322	0.913	1.281	1.302	1.204	1.182	1.183	1.082	1.092	1.206	1.257	1.198	1.05	0.097	0.1	0.118	0.0985	0.109	0.1	0.109	0.095	0.096	0.092	0.094	0.102	0.093	0.102	0.143	0.093	0.112	0.09	0.097	0.09	0.097	0.099	0.097	0.102	0.1
21:40	1.2845	1.281	1.27	0.954	1.233	1.2215	1.264	1.355	1.269	1.295	1.267	1.344	1.329	0.933	1.289	1.306	1.212	1.189	1.19	1.095	1.113	1.215	1.265	1.212	1.071	0.097	0.1	0.1185	0.099	0.11	0.1	0.109	0.095	0.096	0.092	0.094	0.101	0.093	0.102	0.143	0.093	0.111	0.09	0.097	0.09	0.097	0.098	0.098	0.103	0.1
22:00	1.2875	1.284	1.275	0.9655	1.237	1.225	1.272	1.358	1.277	1.302	1.273	1.348	1.335	0.953	1.297	1.307	1.217	1.198	1.197	1.107	1.131	1.224	1.274	1.224	1.089	0.097	0.1	0.119	0.0995	0.11	0.1	0.109	0.095	0.096	0.092	0.094	0.101	0.093	0.102	0.143	0.093	0.111	0.09	0.097	0.09	0.097	0.098	0.098	0.103	0.1
22:20	1.289	1.288	1.281	0.9735	1.242	1.228	1.277	1.362	1.282	1.307	1.28	1.351	1.341	0.973	1.307	1.31	1.224	1.208	1.203	1.114	1.146	1.232	1.281	1.236	1.106	0.097	0.1	0.12	0.0995	0.111	0.1005	0.108	0.095	0.096	0.092	0.094	0.101	0.093	0.102	0.142	0.093	0.111	0.09	0.097	0.09	0.098	0.098	0.099	0.103	0.1
22:40	1.2915	1.293	1.286	0.981	1.245	1.2295	1.284	1.364	1.289	1.311	1.285	1.354	1.348	0.991	1.312	1.311	1.227	1.215	1.209	1.122	1.16	1.24	1.287	1.247	1.119	0.097	0.1	0.121	0.0995	0.112	0.101	0.108	0.095	0.096	0.092	0.094	0.101	0.093	0.102	0.142	0.093	0.111	0.09	0.096	0.09	0.098	0.098	0.1	0.103	0.1
23:00	1.2935	1.295	1.29	0.9885	1.248	1.233	1.286	1.368	1.293	1.315	1.29	1.359	1.352	1.009	1.318	1.315	1.232	1.223	1.215	1.132	1.172	1.247	1.294	1.258	1.137	0.097	0.1	0.1215	0.0995	0.113	0.101	0.109	0.095	0.096	0.092	0.094	0.102	0.093	0.102	0.142	0.093	0.112	0.09	0.096	0.09	0.098	0.098	0.1	0.103	0.1
23:20	1.296	1.296	1.295	0.998	1.249	1.235	1.292	1.37	1.297	1.319	1.297	1.362	1.357	1.027	1.325	1.318	1.236	1.228	1.221	1.141	1.184	1.256	1.298	1.266	1.152	0.097	0.101	0.122	0.0995	0.113	0.101	0.11	0.095	0.096	0.092	0.094	0.102	0.093	0.102	0.141	0.093	0.112	0.09	0.096	0.09	0.098	0.098	0.1	0.104	0.1
23:40	1.2965	1.3	1.299	1.006	1.252	1.236	1.296	1.374	1.301	1.325	1.299	1.367	1.363	1.046	1.331	1.318	1.238	1.234	1.224	1.149	1.196	1.262	1.304	1.273	1.163	0.097	0.101	0.1235	0.099	0.114	0.1015	0.111	0.095	0.096	0.092	0.094	0.102	0.093	0.103	0.141	0.093	0.112	0.09	0.096	0.09	0.098	0.098	0.099	0.104	0.1
24:00	1.298	1.302	1.302	1.013	1.255	1.239	1.304	1.377	1.306	1.329	1.304	1.368	1.368	1.057	1.336	1.324	1.244	1.24	1.23	1.156	1.207	1.27	1.309	1.283	1.176	0.097	0.101	0.1235	0.099	0.115	0.1015	0.113	0.095	0.096	0.092	0.094	0.103	0.093	0.103	0.141	0.093	0.112	0.09	0.096	0.089	0.099	0.098	0.099	0.105	0.1
24:20	1.3	1.305	1.305	1.02	1.257	1.2395	1.304	1.38	1.308	1.33	1.308	1.369	1.373	1.075	1.341	1.324	1.248	1.246	1.234	1.161	1.217	1.275	1.314	1.291	1.188	0.098	0.101	0.1245	0.0995	0.116	0.1015	0.114	0.095	0.096	0.092	0.094	0.104	0.093	0.103	0.141	0.093	0.112	0.09	0.096	0.09	0.099	0.098	0.098	0.105	0.1
24:40	1.3005	1.306	1.308	1.027	1.258	1.2415	1.309	1.381	1.312	1.334	1.311	1.371	1.377	1.085	1.345	1.322	1.247	1.251	1.238	1.167	1.222	1.281	1.317	1.298	1.198	0.098	0.101	0.1255	0.0995	0.117	0.1015	0.115	0.095	0.096	0.092	0.094	0.105	0.093	0.102	0.14	0.093	0.112	0.09	0.096	0.089	0.099	0.098	0.098	0.105	0.1
25:00	1.301	1.308	1.312	1.035	1.26	1.2425	1.31	1.384	1.315	1.337	1.313	1.372	1.383	1.097	1.349	1.326	1.251	1.258	1.244	1.174	1.23	1.288	1.322	1.304	1.21	0.098	0.102	0.127	0.1	0.118	0.1015	0.114	0.095	0.096	0.092	0.093	0.105	0.093	0.103	0.14	0.093	0.112	0.09	0.097	0.089	0.1	0.098	0.098	0.105	0.1
25:20	1.302	1.311	1.314	1.0455	1.263	1.243	1.315	1.386	1.317	1.341	1.316	1.377	1.386	1.113	1.354	1.328	1.255	1.263	1.249	1.178	1.238	1.294	1.325	1.31	1.22	0.099	0.102	0.128	0.1	0.119	0.1015	0.115	0.095	0.096	0.092	0.094	0.106	0.093	0.103	0.14	0.093	0.112	0.09	0.096	0.089	0.1	0.098	0.098	0.104	0.1
25:40	1.302	1.312	1.317	1.0495	1.263	1.244	1.317	1.388	1.322	1.344	1.318	1.376	1.39	1.126	1.357	1.326	1.257	1.266	1.253	1.184	1.246	1.299	1.329	1.317	1.228	0.099	0.102	0.128	0.1005	0.121	0.101	0.114	0.095	0.096	0.092	0.094	0.107	0.093	0.103	0.139	0.093	0.112	0.09	0.096	0.089	0.1	0.098	0.098	0.104	0.1
26:00	1.3025	1.313	1.32	1.0565	1.263	1.243	1.32	1.389	1.325	1.346	1.321	1.378	1.393	1.139	1.362	1.328	1.259	1.271	1.258	1.187	1.252	1.304	1.333	1.323	1.24	0.099	0.102	0.1295	0.1005	0.122	0.101	0.115	0.095	0.096	0.092	0.094	0.108	0.093	0.103	0.139	0.093	0.112	0.09	0.096	0.089	0.1	0.098	0.098	0.105	0.1
26:20	1.3025	1.316	1.323	1.064	1.263	1.2425	1.323	1.39	1.328	1.347	1.323	1.38	1.396	1.151	1.367	1.329	1.261	1.275	1.26	1.193	1.26	1.31	1.335	1.328	1.246	0.1	0.102	0.1305	0.101	0.123	0.1005	0.115	0.095	0.096	0.092	0.093	0.11	0.093	0.103	0.139	0.093	0.112	0.09	0.097	0.089	0.099	0.098	0.098	0.105	0.1
26:40	1.3035	1.317	1.325	1.07	1.264	1.242	1.325	1.392	1.331	1.348	1.323	1.38	1.398	1.162	1.371	1.33	1.263	1.276	1.263	1.195	1.266	1.313	1.339	1.333	1.254	0.101	0.103	0.1325	0.101	0.124	0.101	0.116	0.095	0.096	0.092	0.093	0.111	0.093	0.103	0.139	0.093	0.112	0.09	0.097	0.089	0.099	0.098	0.098	0.106	0.1
27:00	1.303	1.317	1.326	1.0775	1.263	1.2415	1.326	1.393	1.334	1.352	1.326	1.38	1.4	1.171	1.375	1.329	1.26	1.283	1.264	1.202	1.27	1.317	1.342	1.338	1.261	0.102	0.103	0.134	0.101	0.125	0.101	0.117	0.095	0.096	0.092	0.093	0.113	0.093	0.103	0.138	0.093	0.112	0.09	0.096	0.089	0.099	0.098	0.098	0.106	0.1
27:20	1.3035	1.319	1.329	1.0805	1.264	1.2415	1.329	1.395	1.335	1.354	1.328	1.381	1.402	1.184	1.378	1.331	1.265	1.286	1.268	1.205	1.274	1.322	1.346	1.343	1.268	0.103	0.103	0.135	0.101	0.126	0.101	0.119	0.095	0.096	0.092	0.094	0.116	0.093	0.103	0.138	0.093	0.112	0.09	0.096	0.089	0.099	0.098	0.098	0.106	0.1
27:40	1.3035	1.321	1.331	1.0845	1.264	1.241	1.329	1.396	1.338	1.355	1.327	1.38	1.405	1.195	1.383	1.334	1.267	1.288	1.272	1.207	1.279	1.326	1.349	1.347	1.275	0.104	0.104	0.136	0.1015	0.128	0.101	0.12	0.095	0.096	0.092	0.094	0.116	0.093	0.103	0.138	0.093	0.112	0.09	0.096	0.09	0.099	0.098	0.098	0.106	0.1
28:00	1.3035	1.321	1.331	1.09	1.264	1.2405	1.33	1.395	1.34	1.355	1.331	1.381	1.407	1.202	1.386	1.332	1.263	1.292	1.271	1.209	1.285	1.329	1.353	1.351	1.281	0.105	0.104	0.137	0.1015	0.129	0.101	0.122	0.095	0.096	0.092	0.094	0.114	0.093	0.104	0.137	0.093	0.112	0.09	0.096	0.089	0.099	0.098	0.098	0.106	0.1
28:20	1.3035	1.321	1.333	1.0955	1.264	1.2395	1.331	1.397	1.341	1.356	1.33	1.38	1.409	1.213	1.39	1.335	1.268	1.295	1.274	1.212	1.29	1.332	1.355	1.355	1.289	0.105	0.104	0.138	0.1015	0.13	0.101	0.124	0.095	0.096	0.092	0.094	0.116	0.093	0.104	0.137	0.093	0.112	0.09	0.096	0.089	0.099	0.098	0.098	0.106	0.1
28:40	1.3035	1.321	1.333	1.1005	1.263	1.239	1.336	1.399	1.344	1.358	1.331	1.38	1.411	1.219	1.395	1.337	1.268	1.296	1.278	1.214	1.295	1.336	1.359	1.36	1.294	0.106	0.105	0.139	0.1015	0.131	0.101	0.124	0.095	0.096	0.092	0.093	0.116	0.093	0.104	0.137	0.093	0.113	0.09	0.097	0.089	0.099	0.098	0.098	0.106	0.1
29:00	1.304	1.323	1.335	1.103	1.263	1.2375	1.337	1.399	1.346	1.358	1.332	1.381	1.413	1.227	1.397	1.339	1.269	1.297	1.28	1.216	1.299	1.339	1.363	1.363	1.298	0.107	0.105	0.141	0.1015	0.133	0.101	0.125	0.095	0.096	0.092	0.094	0.118	0.093	0.104	0.137	0.093	0.113	0.09	0.096	0.089	0.099	0.098	0.098	0.106	0.1
29:20	1.3035	1.323	1.335	1.1095	1.261	1.2365	1.342	1.399	1.346	1.358	1.331	1.38	1.415	1.236	1.401	1.339	1.268	1.298	1.28	1.22	1.304	1.342	1.366	1.366	1.304	0.107	0.106	0.1415	0.102	0.134	0.101	0.127	0.095	0.096	0.092	0.093	0.121	0.093	0.104	0.137	0.093	0.113	0.09	0.096	0.09	0.099	0.098	0.098	0.107	0.1
29:40	1.3035	1.324	1.336	1.1135	1.262	1.2345	1.341	1.401	1.348	1.36	1.332	1.38	1.417	1.244	1.403	1.34	1.271	1.302	1.28	1.219	1.309	1.344	1.369	1.369	1.308	0.108	0.106	0.1435	0.102	0.135	0.101	0.128	0.095	0.096	0.092	0.093	0.123	0.093	0.104	0.136	0.093	0.113	0.09	0.096	0.09	0.099	0.098	0.098	0.107	0.1
30:00	1.303	1.324	1.338	1.1175	1.261	1.233	1.342	1.4	1.347	1.36	1.333	1.379	1.419	1.253	1.405	1.342	1.272	1.301	1.283	1.222	1.313	1.348	1.372	1.373	1.313	0.109	0.107	0.144	0.102	0.137	0.101	0.13	0.095	0.096	0.092	0.094	0.122	0.093	0.104	0.136	0.093	0.113	0.09	0.097	0.09	0.099	0.098	0.098	0.107	0.1
30:20	1.3035	1.325	1.337	1.1205	1.26	1.232	1.343	1.401	1.349	1.36	1.333	1.379	1.42	1.26	1.408	1.343	1.27	1.304	1.285	1.222	1.317	1.35	1.374	1.376	1.319	0.11	0.107	0.145	0.102	0.138	0.101	0.131	0.095	0.096	0.092	0.094	0.125	0.093	0.104	0.136	0.093	0.113	0.09	0.097	0.09	0.1	0.098	0.098	0.108	0.1
30:40	1.303	1.325	1.337	1.124	1.259	1.23	1.344	1.401	1.349	1.36	1.334	1.379	1.422	1.267	1.41	1.342	1.27	1.304	1.284	1.222	1.321	1.353	1.377	1.379	1.322	0.111	0.108	0.1455	0.1025	0.14	0.101	0.132	0.095	0.095	0.092	0.094	0.124	0.093	0.104	0.136	0.093	0.113	0.09	0.097	0.09	0.099	0.098	0.098	0.108	0.1
31:00	1.3025	1.325	1.337	1.128	1.258	1.2295	1.345	1.401	1.35	1.361	1.334	1.378	1.424	1.274	1.412	1.342	1.27	1.305	1.286	1.221	1.325	1.355	1.379	1.382	1.326	0.111	0.108	0.147	0.1025	0.14	0.101	0.134	0.095	0.096	0.092	0.093	0.126	0.093	0.104	0.136	0.093	0.113	0.09	0.096	0.09	0.1	0.098	0.098	0.107	0.1
31:20	1.3025	1.325	1.338	1.1305	1.256	1.227	1.345	1.402	1.351	1.36	1.333	1.378	1.425	1.283	1.414	1.345	1.27	1.306	1.287	1.224	1.329	1.357	1.382	1.385	1.33	0.113	0.109	0.148	0.1025	0.141	0.101	0.135	0.095	0.096	0.092	0.093	0.128	0.093	0.105	0.135	0.093	0.114	0.09	0.097	0.09	0.1	0.098	0.098	0.107	0.1
31:40	1.3015	1.325	1.339	1.1335	1.256	1.2245	1.343	1.401	1.35	1.36	1.333	1.377	1.426	1.288	1.416	1.345	1.269	1.31	1.288	1.225	1.332	1.359	1.384	1.388	1.333	0.114	0.109	0.1485	0.103	0.142	0.101	0.136	0.095	0.096	0.092	0.093	0.132	0.093	0.104	0.135	0.093	0.113	0.09	0.096	0.09	0.1	0.098	0.098	0.107	0.1
32:00	1.3015	1.325	1.339	1.136	1.254	1.2235	1.343	1.402	1.351	1.36	1.332	1.377	1.428	1.294	1.418	1.345	1.27	1.309	1.289	1.225	1.335	1.361	1.386	1.391	1.336	0.114	0.11	0.15	0.103	0.144	0.101	0.137	0.095	0.096	0.092	0.093	0.132	0.093	0.104	0.135	0.093	0.114	0.09	0.096	0.09	0.1	0.098	0.098	0.107	0.1
32:20	1.3015	1.325	1.34	1.1395	1.253	1.221	1.342	1.401	1.351	1.36	1.333	1.376	1.428	1.3	1.419	1.346	1.27	1.31	1.289	1.225	1.338	1.363	1.389	1.394	1.34	0.116	0.111	0.15	0.103	0.145	0.1015	0.138	0.095	0.096	0.092	0.093	0.136	0.093	0.104	0.135	0.093	0.114	0.09	0.096	0.09	0.1	0.098	0.098	0.108	0.1
32:40	1.3005	1.325	1.34	1.1415	1.252	1.219	1.344	1.402	1.351	1.36	1.332	1.375	1.429	1.304	1.421	1.347	1.271	1.312	1.289	1.225	1.341	1.365	1.391	1.396	1.344	0.117	0.111	0.1505	0.1035	0.147	0.1015	0.14	0.095	0.096	0.092	0.094	0.135	0.093	0.104	0.135	0.093	0.114	0.09	0.097	0.09	0.1	0.098	0.098	0.108	0.1
33:00	1.3005	1.324	1.34	1.144	1.25	1.2175	1.346	1.401	1.351	1.359	1.331	1.375	1.43	1.309	1.423	1.344	1.269	1.312	1.288	1.223	1.344	1.366	1.392	1.398	1.348	0.118	0.112	0.1515	0.1035	0.148	0.1015	0.141	0.095	0.096	0.092	0.093	0.136	0.093	0.104	0.135	0.093	0.114	0.09	0.097	0.09	0.1	0.098	0.098	0.108	0.1
33:20	1.3	1.325	1.341	1.1465	1.249	1.2155	1.344	1.401	1.351	1.36	1.33	1.375	1.431	1.315	1.424	1.346	1.268	1.312	1.289	1.22	1.346	1.368	1.395	1.4	1.351	0.119	0.112	0.152	0.103	0.15	0.1015	0.142	0.095	0.096	0.092	0.093	0.138	0.093	0.104	0.135	0.093	0.114	0.09	0.097	0.09	0.1	0.098	0.098	0.109	0.1
33:40	1.2995	1.324	1.341	1.149	1.248	1.2135	1.345	1.4	1.351	1.359	1.33	1.374	1.432	1.32	1.426	1.347	1.269	1.313	1.291	1.223	1.349	1.369	1.396	1.403	1.354	0.12	0.114	0.1535	0.104	0.151	0.1015	0.143	0.095	0.096	0.092	0.093	0.139	0.093	0.104	0.135	0.093	0.114	0.09	0.097	0.09	0.1	0.098	0.098	0.109	0.1
34:00	1.299	1.325	1.342	1.1525	1.246	1.212	1.345	1.399	1.35	1.358	1.328	1.372	1.432	1.324	1.427	1.347	1.268	1.314	1.291	1.223	1.352	1.37	1.397	1.404	1.357	0.122	0.114	0.154	0.1035	0.152	0.1015	0.144	0.095	0.096	0.092	0.093	0.142	0.093	0.104	0.134	0.093	0.115	0.09	0.097	0.09	0.1	0.098	0.098	0.109	0.1
34:20	1.2985	1.324	1.342	1.1545	1.244	1.2095	1.344	1.399	1.35	1.358	1.327	1.372	1.433	1.329	1.428	1.347	1.267	1.314	1.292	1.223	1.354	1.372	1.399	1.406	1.359	0.122	0.115	0.1545	0.104	0.154	0.1015	0.145	0.095	0.096	0.092	0.094	0.145	0.093	0.104	0.134	0.093	0.115	0.09	0.097	0.09	0.1	0.098	0.098	0.108	0.1
34:40	1.2985	1.323	1.342	1.157	1.243	1.2085	1.345	1.399	1.35	1.357	1.326	1.371	1.433	1.333	1.429	1.346	1.265	1.315	1.291	1.22	1.356	1.372	1.401	1.408	1.361	0.124	0.115	0.155	0.104	0.154	0.1015	0.146	0.095	0.095	0.092	0.093	0.146	0.093	0.104	0.134	0.093	0.115	0.09	0.097	0.09	0.1	0.098	0.098	0.109	0.1
35:00	1.298	1.323	1.342	1.1585	1.241	1.206	1.343	1.397	1.35	1.356	1.325	1.37	1.433	1.336	1.429	1.349	1.266	1.316	1.293	1.223	1.358	1.374	1.402	1.41	1.363	0.126	0.117	0.1555	0.104	0.156	0.1015	0.147	0.095	0.096	0.093	0.094	0.148	0.093	0.104	0.134	0.093	0.115	0.09	0.097	0.09	0.1	0.098	0.098	0.109	0.1
35:20	1.2975	1.323	1.343	1.161	1.241	1.2035	1.344	1.397	1.349	1.355	1.325	1.369	1.433	1.34	1.43	1.347	1.264	1.316	1.293	1.222	1.36	1.374	1.403	1.412	1.365	0.127	0.117	0.156	0.1045	0.158	0.1015	0.148	0.095	0.095	0.092	0.093	0.15	0.093	0.104	0.134	0.093	0.115	0.09	0.097	0.09	0.1	0.098	0.098	0.109	0.1
35:40	1.2965	1.322	1.342	1.163	1.239	1.201	1.344	1.396	1.348	1.355	1.323	1.369	1.434	1.342	1.431	1.345	1.263	1.316	1.293	1.219	1.361	1.375	1.404	1.413	1.366	0.128	0.118	0.156	0.1045	0.158	0.1015	0.149	0.095	0.096	0.093	0.093	0.152	0.093	0.104	0.134	0.093	0.115	0.09	0.097	0.09	0.1	0.098	0.098	0.109	0.1
36:00	1.2965	1.322	1.343	1.165	1.237	1.199	1.346	1.396	1.348	1.354	1.322	1.368	1.433	1.344	1.432	1.348	1.263	1.318	1.293	1.22	1.364	1.376	1.405	1.415	1.369	0.129	0.119	0.1565	0.1045	0.16	0.1015	0.15	0.095	0.095	0.092	0.093	0.156	0.093	0.104	0.134	0.093	0.115	0.09	0.098	0.09	0.1	0.098	0.098	0.11	0.1
36:20	1.2955	1.321	1.343	1.1675	1.236	1.1975	1.344	1.395	1.347	1.353	1.321	1.367	1.434	1.347	1.432	1.347	1.26	1.317	1.292	1.22	1.366	1.377	1.407	1.416	1.37	0.13	0.12	0.1575	0.105	0.161	0.1015	0.151	0.095	0.095	0.093	0.093	0.159	0.093	0.104	0.134	0.093	0.115	0.09	0.098	0.09	0.1	0.098	0.098	0.11	0.1
36:40	1.295	1.32	1.342	1.1705	1.234	1.197	1.344	1.394	1.347	1.351	1.319	1.366	1.433	1.349	1.433	1.347	1.261	1.318	1.292	1.219	1.367	1.377	1.408	1.418	1.372	0.132	0.121	0.158	0.105	0.162	0.1015	0.152	0.095	0.096	0.093	0.093	0.161	0.093	0.104	0.134	0.094	0.116	0.09	0.098	0.09	0.1	0.098	0.098	0.11	0.1
37:00	1.2945	1.32	1.343	1.173	1.232	1.1945	1.342	1.393	1.347	1.351	1.318	1.365	1.434	1.351	1.434	1.346	1.261	1.317	1.292	1.218	1.369	1.377	1.409	1.419	1.374	0.132	0.122	0.1595	0.105	0.162	0.1015	0.153	0.095	0.096	0.093	0.094	0.163	0.093	0.104	0.134	0.093	0.115	0.09	0.099	0.09	0.1	0.098	0.098	0.11	0.1
37:20	1.2935	1.318	1.342	1.1755	1.231	1.1925	1.341	1.392	1.347	1.35	1.317	1.364	1.434	1.353	1.434	1.347	1.261	1.318	1.293	1.22	1.371	1.378	1.409	1.42	1.376	0.134	0.123	0.161	0.1055	0.164	0.1015	0.153	0.095	0.096	0.093	0.093	0.165	0.093	0.104	0.133	0.093	0.116	0.09	0.099	0.09	0.1	0.098	0.098	0.11	0.101
37:40	1.293	1.318	1.342	1.178	1.228	1.1905	1.343	1.391	1.346	1.349	1.315	1.363	1.431	1.355	1.433	1.347	1.259	1.318	1.292	1.216	1.372	1.378	1.41	1.421	1.377	0.135	0.124	0.162	0.1055	0.165	0.1015	0.155	0.095	0.096	0.093	0.093	0.171	0.093	0.104	0.134	0.094	0.116	0.09	0.1	0.09	0.1	0.098	0.098	0.11	0.101
38:00	1.2925	1.318	1.342	1.18	1.227	1.1885	1.341	1.39	1.345	1.348	1.313	1.362	1.433	1.357	1.433	1.346	1.259	1.318	1.29	1.215	1.373	1.377	1.411	1.423	1.379	0.136	0.125	0.1635	0.1055	0.167	0.1015	0.155	0.095	0.096	0.093	0.094	0.172	0.093	0.104	0.133	0.094	0.116	0.09	0.1	0.09	0.1	0.098	0.098	0.11	0.101
38:20	1.2925	1.317	1.342	1.182	1.225	1.1875	1.338	1.389	1.344	1.347	1.313	1.361	1.432	1.358	1.433	1.345	1.259	1.318	1.29	1.214	1.374	1.378	1.412	1.424	1.38	0.138	0.126	0.1645	0.1055	0.167	0.1015	0.156	0.095	0.096	0.093	0.093	0.173	0.093	0.104	0.133	0.094	0.116	0.09	0.1	0.09	0.101	0.098	0.098	0.111	0.101
38:40	1.292	1.317	1.341	1.184	1.224	1.1855	1.34	1.388	1.344	1.345	1.311	1.36	1.432	1.361	1.433	1.345	1.262	1.318	1.291	1.214	1.375	1.379	1.412	1.425	1.381	0.139	0.127	0.1665	0.1055	0.168	0.1015	0.157	0.095	0.096	0.093	0.093	0.178	0.093	0.104	0.133	0.093	0.116	0.09	0.1	0.09	0.101	0.098	0.098	0.111	0.101
39:00	1.292	1.316	1.341	1.186	1.222	1.183	1.337	1.386	1.343	1.344	1.309	1.359	1.432	1.362	1.433	1.343	1.257	1.318	1.288	1.212	1.377	1.38	1.412	1.427	1.382	0.139	0.128	0.168	0.106	0.169	0.1015	0.158	0.095	0.096	0.093	0.094	0.179	0.093	0.104	0.133	0.094	0.116	0.09	0.1	0.09	0.101	0.098	0.098	0.111	0.101
39:20	1.2915	1.317	1.342	1.1875	1.22	1.1815	1.339	1.385	1.342	1.343	1.307	1.358	1.431	1.365	1.433	1.343	1.258	1.317	1.287	1.212	1.377	1.38	1.412	1.427	1.383	0.14	0.129	0.1705	0.1055	0.172	0.1015	0.158	0.095	0.096	0.094	0.094	0.185	0.093	0.104	0.133	0.094	0.117	0.09	0.101	0.09	0.101	0.098	0.098	0.111	0.101
39:40	1.291	1.316	1.34	1.1885	1.219	1.1785	1.337	1.384	1.34	1.341	1.306	1.357	1.431	1.365	1.433	1.344	1.255	1.317	1.288	1.212	1.378	1.38	1.413	1.428	1.385	0.143	0.13	0.1715	0.105	0.172	0.1015	0.16	0.095	0.096	0.094	0.093	0.186	0.093	0.104	0.133	0.094	0.117	0.09	0.1	0.09	0.101	0.098	0.098	0.111	0.101
40:00	1.291	1.316	1.341	1.191	1.217	1.177	1.337	1.383	1.338	1.34	1.305	1.356	1.43	1.366	1.432	1.343	1.254	1.317	1.285	1.209	1.379	1.381	1.413	1.429	1.386	0.143	0.131	0.173	0.1055	0.173	0.1015	0.161	0.095	0.096	0.095	0.093	0.19	0.093	0.104	0.133	0.094	0.116	0.09	0.1	0.09	0.101	0.098	0.098	0.111	0.101
40:20	1.2905	1.316	1.341	1.192	1.215	1.175	1.338	1.382	1.338	1.339	1.302	1.357	1.428	1.367	1.431	1.342	1.256	1.317	1.286	1.207	1.38	1.379	1.413	1.43	1.387	0.144	0.132	0.175	0.1055	0.173	0.1015	0.162	0.095	0.096	0.095	0.094	0.192	0.093	0.104	0.133	0.094	0.117	0.09	0.1	0.09	0.102	0.098	0.098	0.112	0.101
40:40	1.29	1.316	1.341	1.1935	1.213	1.1745	1.334	1.381	1.338	1.338	1.303	1.355	1.428	1.367	1.43	1.343	1.252	1.317	1.286	1.208	1.381	1.38	1.414	1.431	1.388	0.145	0.133	0.1765	0.105	0.174	0.1015	0.163	0.095	0.096	0.095	0.094	0.193	0.093	0.104	0.132	0.094	0.117	0.09	0.1	0.09	0.102	0.098	0.098	0.112	0.101
41:00	1.2895	1.314	1.34	1.195	1.212	1.1725	1.335	1.379	1.337	1.336	1.301	1.353	1.428	1.37	1.43	1.342	1.252	1.316	1.283	1.206	1.381	1.381	1.414	1.431	1.389	0.146	0.134	0.1795	0.1045	0.175	0.1015	0.167	0.095	0.096	0.096	0.094	0.199	0.093	0.104	0.132	0.094	0.117	0.09	0.099	0.09	0.102	0.098	0.098	0.112	0.101
41:20	1.289	1.313	1.339	1.196	1.21	1.171	1.334	1.377	1.335	1.335	1.298	1.353	1.427	1.371	1.43	1.342	1.254	1.316	1.281	1.204	1.382	1.38	1.415	1.432	1.389	0.147	0.136	0.183	0.1045	0.176	0.1015	0.171	0.095	0.096	0.097	0.093	0.201	0.093	0.104	0.132	0.094	0.117	0.09	0.1	0.09	0.102	0.098	0.098	0.112	0.101
41:40	1.288	1.313	1.338	1.197	1.208	1.17	1.335	1.376	1.334	1.334	1.296	1.352	1.426	1.371	1.429	1.339	1.247	1.313	1.28	1.203	1.382	1.382	1.414	1.433	1.39	0.148	0.137	0.1845	0.105	0.176	0.1015	0.173	0.095	0.096	0.097	0.094	0.203	0.093	0.104	0.132	0.094	0.117	0.091	0.1	0.09	0.102	0.098	0.098	0.112	0.101
42:00	1.2885	1.312	1.338	1.1975	1.206	1.1685	1.334	1.374	1.332	1.332	1.295	1.351	1.425	1.373	1.429	1.339	1.251	1.313	1.28	1.203	1.382	1.381	1.414	1.433	1.391	0.149	0.139	0.1865	0.1045	0.177	0.102	0.175	0.095	0.096	0.098	0.093	0.206	0.093	0.104	0.132	0.094	0.117	0.09	0.1	0.09	0.102	0.098	0.098	0.113	0.101
42:20	1.288	1.313	1.338	1.198	1.204	1.166	1.333	1.373	1.331	1.332	1.294	1.351	1.425	1.373	1.428	1.338	1.245	1.312	1.278	1.202	1.383	1.381	1.413	1.435	1.392	0.15	0.141	0.19	0.104	0.178	0.1015	0.177	0.095	0.096	0.099	0.094	0.211	0.093	0.104	0.132	0.094	0.117	0.09	0.1	0.09	0.102	0.098	0.098	0.112	0.101
42:40	1.287	1.313	1.338	1.1985	1.203	1.1645	1.333	1.372	1.331	1.331	1.292	1.351	1.423	1.373	1.427	1.339	1.249	1.312	1.278	1.2	1.383	1.38	1.415	1.435	1.393	0.151	0.142	0.191	0.104	0.179	0.102	0.179	0.095	0.096	0.101	0.094	0.215	0.093	0.104	0.132	0.094	0.117	0.09	0.1	0.09	0.103	0.098	0.098	0.113	0.102
43:00	1.286	1.312	1.337	1.1995	1.201	1.1645	1.333	1.37	1.329	1.329	1.29	1.349	1.423	1.374	1.426	1.337	1.249	1.31	1.277	1.199	1.383	1.38	1.414	1.435	1.394	0.152	0.145	0.196	0.104	0.18	0.102	0.181	0.095	0.096	0.102	0.094	0.218	0.093	0.104	0.132	0.094	0.117	0.09	0.1	0.09	0.102	0.098	0.098	0.113	0.101
43:20	1.287	1.312	1.337	1.1995	1.2	1.1645	1.332	1.368	1.327	1.328	1.289	1.349	1.422	1.373	1.425	1.338	1.247	1.311	1.276	1.198	1.383	1.379	1.415	1.435	1.394	0.153	0.146	0.2005	0.1035	0.18	0.1015	0.183	0.095	0.096	0.103	0.094	0.222	0.093	0.104	0.132	0.094	0.117	0.091	0.1	0.09	0.103	0.099	0.098	0.113	0.102
43:40	1.286	1.311	1.336	1.199	1.199	1.163	1.331	1.367	1.326	1.326	1.287	1.348	1.421	1.374	1.424	1.336	1.245	1.308	1.274	1.196	1.383	1.378	1.414	1.436	1.394	0.154	0.149	0.2035	0.1035	0.181	0.102	0.184	0.095	0.096	0.104	0.093	0.225	0.093	0.104	0.131	0.094	0.117	0.09	0.1	0.09	0.103	0.098	0.098	0.113	0.102
44:00	1.2865	1.312	1.336	1.2	1.198	1.16	1.331	1.367	1.326	1.324	1.286	1.347	1.419	1.374	1.423	1.336	1.243	1.308	1.274	1.195	1.382	1.378	1.414	1.436	1.394	0.155	0.152	0.2085	0.1035	0.182	0.102	0.187	0.095	0.096	0.105	0.094	0.228	0.093	0.104	0.132	0.094	0.117	0.091	0.1	0.09	0.103	0.099	0.098	0.113	0.102
44:20	1.2845	1.311	1.336	1.201	1.195	1.1595	1.33	1.365	1.324	1.323	1.283	1.345	1.418	1.375	1.422	1.336	1.246	1.309	1.273	1.194	1.383	1.379	1.415	1.436	1.394	0.157	0.151	0.21	0.1035	0.182	0.1015	0.19	0.095	0.096	0.106	0.094	0.234	0.093	0.104	0.131	0.094	0.117	0.091	0.1	0.09	0.103	0.099	0.098	0.113	0.102
44:40	1.2855	1.311	1.336	1.2005	1.192	1.1575	1.33	1.364	1.323	1.322	1.282	1.345	1.417	1.375	1.421	1.334	1.245	1.306	1.272	1.192	1.382	1.378	1.414	1.436	1.395	0.158	0.154	0.216	0.1035	0.182	0.102	0.192	0.095	0.096	0.108	0.094	0.24	0.093	0.104	0.131	0.095	0.117	0.091	0.1	0.09	0.102	0.099	0.098	0.114	0.102
45:00	1.2845	1.311	1.335	1.201	1.192	1.157	1.329	1.362	1.322	1.32	1.28	1.344	1.415	1.374	1.42	1.334	1.242	1.306	1.27	1.192	1.381	1.378	1.413	1.436	1.395	0.159	0.156	0.2195	0.1035	0.183	0.102	0.196	0.095	0.096	0.107	0.093	0.246	0.093	0.104	0.131	0.095	0.117	0.091	0.1	0.09	0.103	0.099	0.098	0.114	0.102
45:20	1.2835	1.309	1.335	1.2005	1.19	1.1565	1.328	1.361	1.32	1.319	1.28	1.344	1.415	1.375	1.419	1.333	1.244	1.305	1.269	1.19	1.381	1.377	1.413	1.436	1.395	0.16	0.158	0.2225	0.1035	0.183	0.102	0.199	0.095	0.096	0.108	0.094	0.249	0.093	0.104	0.131	0.095	0.117	0.091	0.1	0.09	0.103	0.099	0.098	0.114	0.102
45:40	1.2825	1.309	1.334	1.2	1.189	1.156	1.328	1.359	1.32	1.319	1.278	1.344	1.414	1.375	1.418	1.333	1.242	1.305	1.268	1.189	1.382	1.377	1.413	1.436	1.396	0.16	0.162	0.228	0.1035	0.183	0.102	0.203	0.095	0.096	0.109	0.094	0.253	0.094	0.104	0.131	0.095	0.117	0.091	0.1	0.09	0.103	0.099	0.098	0.114	0.102
46:00	1.283	1.309	1.334	1.1985	1.187	1.1545	1.326	1.359	1.319	1.317	1.277	1.344	1.412	1.375	1.417	1.332	1.239	1.303	1.267	1.187	1.381	1.377	1.413	1.437	1.396	0.162	0.164	0.232	0.1035	0.183	0.102	0.205	0.095	0.096	0.11	0.094	0.257	0.093	0.104	0.131	0.096	0.117	0.091	0.1	0.09	0.103	0.099	0.098	0.115	0.102
46:20	1.2835	1.31	1.334	1.1985	1.186	1.154	1.326	1.357	1.317	1.316	1.276	1.341	1.411	1.375	1.416	1.33	1.238	1.301	1.266	1.186	1.381	1.376	1.412	1.436	1.396	0.164	0.169	0.2365	0.1035	0.182	0.102	0.21	0.095	0.096	0.112	0.094	0.261	0.094	0.104	0.131	0.096	0.117	0.091	0.1	0.09	0.103	0.099	0.098	0.115	0.102
46:40	1.283	1.311	1.334	1.199	1.185	1.1535	1.326	1.356	1.317	1.315	1.274	1.341	1.41	1.374	1.415	1.33	1.239	1.302	1.266	1.186	1.38	1.377	1.412	1.437	1.396	0.165	0.167	0.2415	0.1035	0.184	0.102	0.214	0.095	0.096	0.112	0.093	0.268	0.093	0.104	0.13	0.096	0.117	0.091	0.1	0.09	0.103	0.099	0.098	0.115	0.102
47:00	1.282	1.31	1.334	1.1985	1.184	1.152	1.325	1.354	1.316	1.313	1.273	1.34	1.409	1.375	1.414	1.329	1.24	1.3	1.264	1.185	1.38	1.375	1.412	1.436	1.396	0.167	0.174	0.2445	0.1035	0.183	0.102	0.218	0.095	0.096	0.114	0.094	0.274	0.094	0.104	0.13	0.097	0.116	0.091	0.1	0.09	0.103	0.099	0.098	0.115	0.102
47:20	1.282	1.31	1.333	1.197	1.183	1.15	1.323	1.353	1.315	1.312	1.272	1.34	1.408	1.374	1.413	1.329	1.239	1.3	1.264	1.183	1.38	1.374	1.413	1.437	1.396	0.168	0.175	0.2485	0.1035	0.183	0.102	0.223	0.095	0.096	0.114	0.094	0.281	0.094	0.104	0.13	0.097	0.117	0.091	0.1	0.09	0.103	0.099	0.098	0.115	0.102
47:40	1.281	1.308	1.332	1.197	1.181	1.1505	1.324	1.353	1.313	1.311	1.27	1.339	1.407	1.373	1.412	1.328	1.238	1.299	1.262	1.182	1.379	1.373	1.411	1.436	1.396	0.171	0.177	0.252	0.1035	0.184	0.102	0.229	0.095	0.096	0.114	0.094	0.289	0.094	0.104	0.13	0.097	0.117	0.091	0.099	0.09	0.103	0.099	0.098	0.115	0.102
48:00	1.281	1.308	1.331	1.1955	1.18	1.1485	1.323	1.351	1.312	1.31	1.268	1.339	1.406	1.372	1.411	1.328	1.235	1.298	1.261	1.181	1.38	1.373	1.411	1.436	1.396	0.172	0.183	0.256	0.1035	0.184	0.102	0.234	0.095	0.096	0.116	0.094	0.295	0.094	0.104	0.129	0.096	0.117	0.091	0.1	0.09	0.103	0.099	0.098	0.116	0.102
48:20	1.28	1.308	1.331	1.1955	1.179	1.149	1.323	1.349	1.311	1.309	1.267	1.34	1.405	1.372	1.41	1.325	1.235	1.295	1.26	1.177	1.376	1.374	1.409	1.436	1.395	0.174	0.184	0.263	0.1035	0.183	0.102	0.238	0.095	0.096	0.118	0.094	0.304	0.094	0.104	0.129	0.096	0.118	0.091	0.099	0.09	0.103	0.099	0.098	0.116	0.101
48:40	1.278	1.307	1.33	1.195	1.177	1.1485	1.322	1.349	1.31	1.309	1.267	1.338	1.404	1.372	1.409	1.326	1.236	1.296	1.262	1.177	1.379	1.371	1.411	1.436	1.395	0.173	0.185	0.2665	0.1035	0.184	0.102	0.244	0.095	0.096	0.119	0.094	0.314	0.094	0.104	0.129	0.095	0.119	0.091	0.099	0.09	0.103	0.099	0.098	0.116	0.101
49:00	1.279	1.307	1.329	1.193	1.177	1.1475	1.323	1.349	1.31	1.305	1.265	1.338	1.403	1.371	1.407	1.324	1.234	1.294	1.259	1.175	1.376	1.372	1.409	1.436	1.396	0.176	0.188	0.271	0.1035	0.184	0.102	0.248	0.095	0.096	0.12	0.094	0.326	0.094	0.104	0.129	0.095	0.12	0.091	0.099	0.091	0.103	0.099	0.098	0.116	0.101
49:20	1.2775	1.306	1.329	1.193	1.176	1.1485	1.321	1.347	1.309	1.305	1.264	1.337	1.402	1.37	1.407	1.324	1.235	1.294	1.257	1.175	1.377	1.37	1.41	1.435	1.396	0.176	0.188	0.2745	0.1035	0.184	0.102	0.254	0.095	0.096	0.122	0.094	0.337	0.094	0.104	0.129	0.095	0.121	0.091	0.099	0.091	0.103	0.099	0.098	0.116	0.101
49:40	1.277	1.306	1.329	1.192	1.174	1.147	1.321	1.346	1.307	1.305	1.263	1.337	1.401	1.37	1.406	1.323	1.235	1.293	1.257	1.173	1.376	1.369	1.409	1.435	1.395	0.179	0.191	0.2785	0.1035	0.184	0.102	0.258	0.095	0.096	0.123	0.094	0.35	0.094	0.104	0.128	0.095	0.123	0.091	0.099	0.091	0.103	0.099	0.098	0.117	0.101
50:00	1.2765	1.305	1.328	1.191	1.174	1.1485	1.321	1.345	1.306	1.303	1.262	1.336	1.399	1.368	1.404	1.323	1.235	1.292	1.256	1.172	1.376	1.369	1.409	1.435	1.395	0.179	0.193	0.285	0.1035	0.185	0.102	0.264	0.095	0.096	0.123	0.094	0.359	0.094	0.104	0.128	0.095	0.125	0.091	0.099	0.091	0.103	0.099	0.098	0.117	0.101
50:20	1.276	1.305	1.327	1.19	1.173	1.147	1.321	1.344	1.306	1.301	1.261	1.336	1.398	1.368	1.403	1.322	1.233	1.291	1.256	1.171	1.375	1.368	1.409	1.434	1.395	0.181	0.197	0.287	0.1035	0.185	0.102	0.271	0.095	0.096	0.124	0.094	0.372	0.094	0.104	0.128	0.095	0.126	0.091	0.099	0.091	0.103	0.099	0.098	0.117	0.101
50:40	1.275	1.306	1.327	1.1885	1.17	1.146	1.319	1.343	1.304	1.301	1.261	1.336	1.397	1.368	1.403	1.321	1.231	1.29	1.254	1.169	1.375	1.368	1.409	1.434	1.395	0.182	0.198	0.2905	0.1035	0.184	0.102	0.277	0.095	0.096	0.126	0.094	0.384	0.094	0.104	0.128	0.095	0.127	0.091	0.099	0.091	0.103	0.099	0.098	0.117	0.101
51:00	1.275	1.304	1.326	1.188	1.17	1.1465	1.319	1.342	1.304	1.3	1.258	1.335	1.396	1.366	1.401	1.321	1.232	1.29	1.254	1.168	1.374	1.367	1.408	1.433	1.395	0.182	0.2	0.298	0.1035	0.184	0.102	0.282	0.095	0.096	0.126	0.094	0.398	0.094	0.104	0.127	0.095	0.128	0.091	0.1	0.091	0.103	0.099	0.098	0.118	0.101
51:20	1.275	1.304	1.326	1.186	1.17	1.1455	1.318	1.341	1.302	1.299	1.257	1.335	1.395	1.366	1.4	1.32	1.23	1.288	1.252	1.167	1.372	1.367	1.407	1.433	1.394	0.182	0.202	0.301	0.1035	0.184	0.102	0.287	0.095	0.096	0.127	0.094	0.408	0.094	0.104	0.127	0.095	0.13	0.091	0.099	0.091	0.103	0.099	0.098	0.118	0.101
51:40	1.2745	1.305	1.326	1.185	1.167	1.1435	1.317	1.34	1.302	1.298	1.256	1.335	1.394	1.365	1.399	1.32	1.23	1.288	1.252	1.166	1.372	1.367	1.408	1.432	1.394	0.183	0.205	0.3055	0.104	0.185	0.102	0.292	0.095	0.096	0.13	0.094	0.421	0.094	0.104	0.127	0.095	0.131	0.091	0.099	0.092	0.103	0.099	0.098	0.118	0.101
52:00	1.274	1.303	1.325	1.184	1.167	1.1445	1.316	1.339	1.302	1.298	1.256	1.334	1.393	1.363	1.398	1.319	1.228	1.286	1.251	1.164	1.372	1.365	1.407	1.432	1.393	0.182	0.204	0.3105	0.1035	0.184	0.102	0.297	0.095	0.096	0.129	0.094	0.432	0.094	0.104	0.126	0.095	0.133	0.091	0.099	0.092	0.103	0.099	0.098	0.119	0.101
52:20	1.2735	1.303	1.325	1.183	1.166	1.144	1.317	1.339	1.3	1.297	1.255	1.334	1.391	1.363	1.397	1.318	1.229	1.286	1.251	1.163	1.372	1.364	1.407	1.431	1.393	0.183	0.206	0.314	0.104	0.183	0.102	0.3	0.095	0.096	0.129	0.094	0.446	0.094	0.104	0.126	0.095	0.135	0.091	0.099	0.092	0.103	0.099	0.098	0.119	0.101
52:40	1.2735	1.304	1.324	1.1805	1.165	1.1425	1.318	1.339	1.3	1.296	1.255	1.334	1.39	1.362	1.396	1.317	1.229	1.286	1.25	1.163	1.372	1.363	1.407	1.431	1.393	0.183	0.21	0.3175	0.104	0.183	0.102	0.304	0.095	0.096	0.129	0.094	0.458	0.094	0.104	0.126	0.095	0.137	0.091	0.099	0.093	0.103	0.099	0.098	0.119	0.101
53:00	1.2725	1.303	1.323	1.18	1.165	1.1435	1.317	1.339	1.299	1.295	1.254	1.333	1.389	1.361	1.395	1.316	1.229	1.284	1.249	1.162	1.371	1.362	1.407	1.43	1.392	0.183	0.211	0.32	0.104	0.183	0.102	0.306	0.095	0.096	0.13	0.094	0.468	0.094	0.104	0.125	0.095	0.139	0.091	0.099	0.093	0.103	0.099	0.098	0.12	0.101
53:20	1.273	1.302	1.324	1.1785	1.164	1.144	1.315	1.337	1.298	1.295	1.252	1.333	1.388	1.36	1.393	1.316	1.228	1.284	1.248	1.161	1.37	1.361	1.406	1.429	1.392	0.184	0.212	0.325	0.104	0.183	0.102	0.311	0.095	0.096	0.13	0.094	0.477	0.094	0.104	0.125	0.095	0.141	0.091	0.099	0.093	0.103	0.099	0.098	0.12	0.101
53:40	1.2725	1.304	1.324	1.177	1.163	1.1435	1.316	1.338	1.296	1.293	1.252	1.332	1.387	1.359	1.392	1.315	1.228	1.283	1.247	1.161	1.369	1.36	1.405	1.429	1.391	0.184	0.214	0.3295	0.104	0.183	0.102	0.312	0.095	0.096	0.131	0.094	0.486	0.094	0.104	0.125	0.095	0.143	0.091	0.1	0.093	0.103	0.099	0.098	0.121	0.101
54:00	1.272	1.3	1.321	1.176	1.162	1.142	1.316	1.339	1.298	1.294	1.252	1.333	1.386	1.358	1.391	1.315	1.226	1.282	1.247	1.159	1.369	1.361	1.405	1.427	1.391	0.184	0.213	0.3315	0.104	0.183	0.102	0.314	0.095	0.096	0.131	0.094	0.491	0.094	0.104	0.124	0.095	0.144	0.091	0.099	0.093	0.103	0.099	0.098	0.121	0.101
54:20	1.272	1.301	1.321	1.175	1.162	1.1415	1.314	1.337	1.297	1.292	1.251	1.331	1.385	1.359	1.39	1.314	1.227	1.281	1.245	1.156	1.368	1.359	1.405	1.427	1.391	0.184	0.215	0.335	0.1045	0.182	0.102	0.316	0.095	0.096	0.131	0.094	0.499	0.094	0.104	0.124	0.095	0.147	0.091	0.099	0.094	0.103	0.099	0.098	0.122	0.101
54:40	1.272	1.301	1.321	1.1745	1.161	1.141	1.315	1.336	1.295	1.292	1.249	1.332	1.384	1.357	1.389	1.313	1.227	1.28	1.244	1.156	1.367	1.358	1.405	1.426	1.391	0.185	0.217	0.3385	0.1045	0.182	0.102	0.318	0.095	0.096	0.132	0.094	0.512	0.094	0.104	0.124	0.095	0.148	0.091	0.099	0.093	0.103	0.099	0.098	0.123	0.101
55:00	1.272	1.301	1.321	1.1725	1.16	1.142	1.314	1.334	1.294	1.291	1.249	1.332	1.383	1.355	1.388	1.313	1.227	1.28	1.244	1.155	1.367	1.358	1.404	1.426	1.389	0.186	0.217	0.341	0.105	0.182	0.102	0.321	0.095	0.096	0.133	0.094	0.521	0.094	0.104	0.124	0.095	0.151	0.091	0.1	0.093	0.103	0.099	0.098	0.123	0.101
55:20	1.272	1.301	1.32	1.171	1.16	1.143	1.313	1.335	1.295	1.291	1.25	1.332	1.383	1.355	1.387	1.312	1.225	1.279	1.243	1.153	1.366	1.357	1.404	1.425	1.389	0.187	0.218	0.3445	0.105	0.182	0.102	0.321	0.095	0.096	0.134	0.094	0.526	0.094	0.104	0.123	0.095	0.153	0.091	0.099	0.093	0.103	0.099	0.098	0.124	0.101
55:40	1.272	1.3	1.32	1.1695	1.159	1.1425	1.313	1.334	1.293	1.291	1.248	1.331	1.382	1.353	1.386	1.311	1.226	1.277	1.242	1.151	1.365	1.356	1.403	1.425	1.389	0.188	0.219	0.3485	0.105	0.182	0.102	0.322	0.095	0.096	0.134	0.094	0.537	0.094	0.104	0.123	0.095	0.156	0.091	0.1	0.093	0.103	0.099	0.098	0.125	0.101
56:00	1.273	1.301	1.319	1.1685	1.159	1.142	1.315	1.335	1.293	1.291	1.248	1.332	1.381	1.353	1.385	1.31	1.226	1.277	1.242	1.152	1.365	1.355	1.403	1.424	1.388	0.188	0.22	0.351	0.105	0.182	0.102	0.322	0.095	0.096	0.134	0.094	0.542	0.094	0.104	0.123	0.095	0.159	0.091	0.1	0.093	0.103	0.099	0.098	0.126	0.101
56:20	1.273	1.3	1.319	1.167	1.159	1.141	1.312	1.332	1.292	1.29	1.247	1.331	1.38	1.351	1.384	1.31	1.225	1.276	1.241	1.149	1.363	1.354	1.403	1.423	1.387	0.189	0.22	0.3525	0.105	0.183	0.102	0.322	0.095	0.096	0.134	0.094	0.549	0.094	0.104	0.123	0.095	0.16	0.091	0.1	0.093	0.103	0.099	0.098	0.126	0.101
56:40	1.272	1.299	1.318	1.1665	1.157	1.141	1.313	1.333	1.292	1.288	1.247	1.33	1.379	1.35	1.383	1.308	1.225	1.275	1.24	1.148	1.363	1.354	1.403	1.422	1.386	0.19	0.221	0.3555	0.105	0.183	0.102	0.323	0.095	0.096	0.133	0.094	0.558	0.094	0.104	0.123	0.095	0.163	0.091	0.099	0.092	0.103	0.099	0.098	0.127	0.101
57:00	1.272	1.299	1.318	1.1655	1.157	1.142	1.313	1.333	1.29	1.288	1.247	1.33	1.378	1.35	1.382	1.307	1.225	1.275	1.24	1.147	1.363	1.354	1.402	1.421	1.386	0.191	0.221	0.357	0.105	0.184	0.1025	0.325	0.095	0.096	0.133	0.094	0.563	0.094	0.104	0.122	0.095	0.166	0.091	0.1	0.093	0.103	0.099	0.098	0.127	0.101
57:20	1.272	1.299	1.317	1.1645	1.157	1.142	1.31	1.331	1.29	1.288	1.245	1.331	1.377	1.349	1.381	1.308	1.223	1.274	1.239	1.146	1.361	1.352	1.401	1.42	1.386	0.191	0.224	0.358	0.105	0.184	0.102	0.323	0.095	0.096	0.134	0.094	0.572	0.094	0.104	0.122	0.095	0.168	0.091	0.099	0.092	0.103	0.099	0.098	0.128	0.101
57:40	1.272	1.3	1.317	1.1615	1.157	1.141	1.311	1.332	1.29	1.287	1.245	1.33	1.376	1.348	1.38	1.306	1.224	1.273	1.239	1.145	1.361	1.352	1.401	1.419	1.384	0.192	0.225	0.36	0.1055	0.185	0.102	0.323	0.095	0.096	0.134	0.094	0.583	0.094	0.104	0.122	0.095	0.171	0.091	0.099	0.092	0.103	0.099	0.098	0.128	0.101
58:00	1.2715	1.299	1.316	1.1615	1.157	1.141	1.31	1.33	1.29	1.287	1.244	1.33	1.375	1.347	1.379	1.306	1.221	1.272	1.237	1.143	1.36	1.35	1.4	1.419	1.385	0.194	0.226	0.364	0.1055	0.186	0.1025	0.326	0.095	0.096	0.134	0.094	0.588	0.094	0.104	0.122	0.095	0.173	0.091	0.1	0.092	0.103	0.099	0.098	0.129	0.101
58:20	1.2725	1.299	1.316	1.1605	1.156	1.1415	1.31	1.33	1.289	1.287	1.243	1.331	1.374	1.346	1.379	1.304	1.224	1.271	1.237	1.147	1.36	1.35	1.401	1.418	1.383	0.195	0.231	0.366	0.1055	0.186	0.1025	0.324	0.095	0.096	0.134	0.094	0.596	0.094	0.104	0.122	0.095	0.177	0.091	0.1	0.092	0.103	0.099	0.099	0.13	0.101
58:40	1.2725	1.298	1.316	1.1595	1.156	1.1425	1.311	1.33	1.288	1.286	1.244	1.331	1.373	1.345	1.377	1.304	1.222	1.271	1.236	1.144	1.359	1.349	1.4	1.417	1.382	0.197	0.231	0.3665	0.1055	0.187	0.1025	0.321	0.095	0.096	0.134	0.094	0.602	0.094	0.104	0.122	0.095	0.18	0.091	0.1	0.092	0.103	0.099	0.098	0.13	0.101
59:00	1.2725	1.298	1.316	1.159	1.155	1.142	1.31	1.33	1.289	1.285	1.244	1.329	1.373	1.345	1.376	1.304	1.221	1.271	1.236	1.143	1.358	1.349	1.4	1.416	1.381	0.198	0.233	0.369	0.106	0.188	0.1025	0.322	0.095	0.096	0.134	0.094	0.612	0.094	0.104	0.122	0.095	0.183	0.091	0.1	0.092	0.103	0.099	0.099	0.13	0.101
59:20	1.273	1.298	1.315	1.1565	1.155	1.1415	1.312	1.331	1.287	1.284	1.243	1.329	1.371	1.343	1.375	1.304	1.222	1.27	1.235	1.141	1.357	1.349	1.399	1.416	1.381	0.199	0.237	0.372	0.1055	0.189	0.1025	0.322	0.095	0.096	0.134	0.094	0.619	0.094	0.104	0.122	0.095	0.186	0.091	0.1	0.092	0.103	0.099	0.099	0.131	0.101
59:40	1.2725	1.297	1.314	1.155	1.154	1.141	1.311	1.329	1.287	1.284	1.242	1.33	1.371	1.343	1.375	1.303	1.224	1.269	1.234	1.141	1.357	1.347	1.399	1.414	1.38	0.201	0.241	0.373	0.1065	0.191	0.1025	0.323	0.095	0.096	0.134	0.094	0.628	0.094	0.104	0.122	0.095	0.189	0.091	0.1	0.092	0.103	0.099	0.099	0.131	0.101
60:00	1.273	1.297	1.313	1.1545	1.154	1.141	1.31	1.33	1.288	1.284	1.242	1.33	1.37	1.342	1.374	1.302	1.221	1.268	1.234	1.139	1.356	1.347	1.399	1.413	1.38	0.202	0.247	0.375	0.1065	0.192	0.1025	0.323	0.095	0.096	0.134	0.094	0.639	0.094	0.104	0.121	0.095	0.192	0.091	0.1	0.092	0.103	0.099	0.099	0.131	0.101
60:20	1.273	1.297	1.313	1.153	1.154	1.141	1.309	1.327	1.286	1.283	1.242	1.33	1.369	1.341	1.373	1.301	1.22	1.268	1.233	1.139	1.355	1.346	1.398	1.412	1.378	0.205	0.252	0.3775	0.1065	0.192	0.1025	0.32	0.095	0.096	0.134	0.094	0.645	0.094	0.104	0.121	0.095	0.192	0.091	0.1	0.092	0.103	0.099	0.099	0.131	0.101
60:40	1.273	1.297	1.313	1.152	1.153	1.1415	1.307	1.326	1.286	1.284	1.24	1.33	1.369	1.34	1.373	1.301	1.219	1.268	1.232	1.138	1.355	1.345	1.397	1.411	1.379	0.207	0.257	0.379	0.1065	0.193	0.1025	0.323	0.095	0.096	0.134	0.094	0.65	0.094	0.104	0.121	0.095	0.193	0.092	0.099	0.092	0.103	0.099	0.099	0.131	0.101
61:00	1.2725	1.298	1.313	1.151	1.152	1.1415	1.308	1.326	1.286	1.284	1.24	1.331	1.369	1.34	1.371	1.3	1.22	1.266	1.232	1.136	1.355	1.343	1.397	1.411	1.378	0.209	0.259	0.3815	0.1065	0.195	0.1025	0.318	0.095	0.096	0.134	0.094	0.657	0.094	0.104	0.121	0.095	0.195	0.092	0.1	0.092	0.103	0.099	0.099	0.132	0.101
61:20	1.2725	1.297	1.313	1.149	1.152	1.1405	1.31	1.328	1.286	1.282	1.242	1.33	1.367	1.339	1.37	1.3	1.221	1.265	1.231	1.134	1.354	1.343	1.397	1.41	1.377	0.211	0.265	0.3835	0.1065	0.195	0.1025	0.32	0.095	0.096	0.134	0.094	0.667	0.094	0.104	0.121	0.095	0.196	0.092	0.1	0.092	0.103	0.099	0.099	0.132	0.101
61:40	1.273	1.296	1.313	1.1485	1.152	1.1415	1.31	1.329	1.286	1.282	1.241	1.33	1.367	1.339	1.369	1.299	1.22	1.265	1.231	1.134	1.353	1.342	1.397	1.409	1.377	0.214	0.276	0.3855	0.1065	0.196	0.1025	0.317	0.095	0.096	0.134	0.094	0.677	0.094	0.104	0.121	0.095	0.2	0.092	0.1	0.092	0.103	0.099	0.099	0.132	0.101
62:00	1.2735	1.296	1.313	1.147	1.153	1.142	1.307	1.325	1.286	1.282	1.24	1.33	1.366	1.337	1.369	1.299	1.22	1.264	1.23	1.133	1.353	1.341	1.396	1.408	1.376	0.217	0.283	0.39	0.107	0.198	0.1025	0.319	0.095	0.096	0.134	0.094	0.682	0.094	0.104	0.121	0.096	0.201	0.092	0.1	0.092	0.103	0.099	0.099	0.132	0.101
62:20	1.274	1.296	1.312	1.146	1.152	1.1415	1.306	1.325	1.286	1.283	1.239	1.331	1.366	1.337	1.369	1.298	1.219	1.264	1.229	1.132	1.352	1.34	1.396	1.407	1.376	0.22	0.293	0.393	0.107	0.199	0.1025	0.319	0.095	0.096	0.134	0.094	0.683	0.094	0.104	0.121	0.095	0.2	0.092	0.1	0.092	0.103	0.099	0.099	0.132	0.101
62:40	1.2735	1.297	1.311	1.146	1.15	1.141	1.309	1.326	1.285	1.281	1.239	1.331	1.365	1.336	1.367	1.297	1.218	1.262	1.228	1.131	1.351	1.341	1.395	1.406	1.374	0.223	0.298	0.397	0.107	0.201	0.1025	0.314	0.095	0.096	0.134	0.094	0.694	0.094	0.104	0.121	0.095	0.201	0.092	0.1	0.092	0.103	0.099	0.099	0.132	0.101
63:00	1.2735	1.295	1.31	1.145	1.152	1.141	1.308	1.324	1.285	1.281	1.24	1.33	1.364	1.335	1.367	1.295	1.218	1.261	1.228	1.131	1.35	1.341	1.395	1.405	1.372	0.226	0.305	0.3985	0.107	0.202	0.1025	0.314	0.095	0.096	0.135	0.094	0.702	0.094	0.104	0.121	0.095	0.196	0.092	0.1	0.092	0.103	0.099	0.099	0.132	0.101
63:20	1.275	1.298	1.313	1.142	1.153	1.1415	1.309	1.326	1.284	1.28	1.24	1.329	1.363	1.335	1.365	1.296	1.217	1.261	1.227	1.128	1.35	1.338	1.395	1.405	1.373	0.23	0.314	0.402	0.107	0.204	0.1025	0.314	0.095	0.096	0.135	0.094	0.699	0.094	0.104	0.121	0.095	0.196	0.092	0.1	0.092	0.103	0.099	0.099	0.132	0.101
63:40	1.2745	1.297	1.311	1.1425	1.154	1.1415	1.308	1.325	1.284	1.28	1.239	1.33	1.362	1.334	1.365	1.295	1.216	1.26	1.226	1.127	1.35	1.338	1.395	1.404	1.372	0.236	0.324	0.407	0.107	0.204	0.1025	0.315	0.095	0.096	0.135	0.094	0.7	0.094	0.104	0.121	0.095	0.192	0.093	0.1	0.092	0.103	0.099	0.099	0.132	0.101
64:00	1.2735	1.297	1.31	1.1425	1.152	1.14	1.308	1.324	1.285	1.281	1.24	1.33	1.362	1.334	1.364	1.295	1.219	1.261	1.227	1.128	1.349	1.337	1.394	1.403	1.371	0.239	0.332	0.412	0.107	0.206	0.1025	0.316	0.095	0.096	0.136	0.094	0.701	0.094	0.104	0.121	0.095	0.191	0.093	0.1	0.092	0.103	0.099	0.099	0.132	0.102
64:20	1.2745	1.296	1.31	1.1415	1.152	1.142	1.306	1.323	1.284	1.279	1.239	1.33	1.361	1.333	1.364	1.293	1.215	1.259	1.225	1.127	1.348	1.337	1.394	1.401	1.369	0.242	0.34	0.412	0.1075	0.208	0.1025	0.316	0.095	0.096	0.139	0.094	0.704	0.095	0.104	0.121	0.096	0.187	0.093	0.1	0.092	0.103	0.099	0.099	0.132	0.102
64:40	1.2745	1.296	1.31	1.141	1.152	1.142	1.311	1.326	1.284	1.28	1.239	1.328	1.361	1.332	1.362	1.294	1.214	1.258	1.225	1.125	1.348	1.335	1.393	1.401	1.369	0.246	0.348	0.4195	0.1075	0.212	0.1025	0.316	0.095	0.096	0.141	0.094	0.71	0.094	0.104	0.12	0.095	0.181	0.093	0.1	0.092	0.103	0.099	0.099	0.132	0.102
65:00	1.275	1.297	1.309	1.14	1.152	1.1405	1.306	1.323	1.284	1.279	1.239	1.33	1.36	1.332	1.362	1.292	1.218	1.257	1.225	1.125	1.347	1.335	1.393	1.399	1.369	0.249	0.357	0.4225	0.107	0.212	0.1025	0.317	0.095	0.096	0.141	0.094	0.715	0.095	0.104	0.12	0.095	0.179	0.093	0.1	0.092	0.103	0.099	0.099	0.132	0.102
65:20	1.275	1.295	1.308	1.14	1.151	1.1415	1.306	1.323	1.283	1.278	1.238	1.33	1.359	1.332	1.362	1.29	1.217	1.257	1.225	1.125	1.346	1.334	1.393	1.398	1.367	0.254	0.368	0.4245	0.1075	0.215	0.1025	0.316	0.095	0.096	0.143	0.094	0.718	0.095	0.104	0.12	0.095	0.175	0.093	0.1	0.092	0.103	0.099	0.099	0.132	0.102
65:40	1.2755	1.296	1.309	1.1385	1.152	1.1415	1.305	1.323	1.283	1.278	1.239	1.33	1.359	1.331	1.361	1.291	1.216	1.256	1.224	1.124	1.345	1.334	1.392	1.397	1.367	0.259	0.379	0.429	0.1075	0.22	0.1025	0.316	0.095	0.097	0.144	0.094	0.723	0.095	0.104	0.12	0.095	0.171	0.093	0.1	0.092	0.103	0.099	0.099	0.132	0.102
66:00	1.2755	1.296	1.309	1.137	1.153	1.141	1.305	1.322	1.283	1.278	1.238	1.331	1.358	1.331	1.36	1.291	1.214	1.256	1.222	1.123	1.345	1.333	1.392	1.397	1.366	0.264	0.386	0.4305	0.1075	0.223	0.1025	0.314	0.096	0.097	0.146	0.094	0.729	0.095	0.104	0.12	0.095	0.168	0.092	0.1	0.092	0.103	0.099	0.099	0.132	0.102
66:20	1.2755	1.296	1.308	1.1365	1.154	1.1415	1.305	1.322	1.283	1.278	1.238	1.331	1.357	1.33	1.36	1.291	1.215	1.256	1.222	1.121	1.344	1.332	1.391	1.396	1.366	0.269	0.399	0.433	0.1075	0.226	0.1025	0.311	0.095	0.096	0.148	0.094	0.734	0.094	0.104	0.12	0.095	0.164	0.093	0.1	0.092	0.103	0.099	0.099	0.132	0.102
66:40	1.2755	1.298	1.308	1.1365	1.155	1.141	1.308	1.324	1.283	1.278	1.237	1.329	1.357	1.33	1.359	1.289	1.213	1.255	1.222	1.122	1.343	1.331	1.391	1.395	1.365	0.276	0.407	0.436	0.1075	0.228	0.1025	0.312	0.095	0.097	0.149	0.094	0.738	0.095	0.104	0.12	0.095	0.161	0.092	0.1	0.092	0.103	0.099	0.099	0.131	0.102
67:00	1.276	1.296	1.308	1.136	1.154	1.141	1.308	1.324	1.283	1.278	1.237	1.329	1.357	1.329	1.358	1.289	1.214	1.254	1.221	1.12	1.343	1.331	1.391	1.395	1.365	0.282	0.417	0.4385	0.1075	0.235	0.1025	0.31	0.096	0.097	0.152	0.094	0.739	0.095	0.104	0.12	0.095	0.158	0.092	0.1	0.092	0.103	0.099	0.099	0.131	0.102
67:20	1.2765	1.296	1.307	1.136	1.153	1.141	1.309	1.323	1.283	1.279	1.238	1.328	1.356	1.329	1.357	1.29	1.212	1.253	1.22	1.119	1.342	1.33	1.39	1.394	1.364	0.288	0.425	0.442	0.1075	0.236	0.1025	0.309	0.096	0.097	0.155	0.094	0.742	0.095	0.104	0.12	0.096	0.156	0.092	0.1	0.092	0.103	0.099	0.099	0.131	0.102
67:40	1.276	1.296	1.307	1.1355	1.154	1.142	1.303	1.32	1.283	1.278	1.236	1.33	1.356	1.329	1.357	1.289	1.213	1.253	1.222	1.12	1.342	1.33	1.391	1.393	1.362	0.293	0.435	0.446	0.1075	0.242	0.1025	0.308	0.096	0.097	0.157	0.094	0.744	0.095	0.105	0.12	0.096	0.155	0.092	0.1	0.092	0.103	0.099	0.099	0.131	0.102
68:00	1.2755	1.295	1.306	1.135	1.153	1.1425	1.302	1.319	1.282	1.278	1.236	1.33	1.355	1.328	1.357	1.288	1.215	1.252	1.22	1.118	1.342	1.329	1.391	1.392	1.362	0.3	0.443	0.4485	0.1075	0.244	0.1025	0.309	0.096	0.097	0.159	0.094	0.746	0.095	0.104	0.12	0.096	0.153	0.092	0.1	0.092	0.103	0.099	0.099	0.131	0.102
68:20	1.276	1.295	1.306	1.134	1.152	1.141	1.306	1.319	1.282	1.276	1.236	1.33	1.354	1.328	1.355	1.29	1.217	1.252	1.219	1.118	1.341	1.329	1.39	1.392	1.362	0.306	0.455	0.4495	0.1075	0.249	0.1025	0.31	0.096	0.097	0.161	0.094	0.746	0.095	0.104	0.12	0.096	0.152	0.092	0.1	0.092	0.103	0.099	0.099	0.13	0.102
68:40	1.276	1.295	1.306	1.133	1.153	1.1415	1.304	1.319	1.282	1.276	1.236	1.33	1.354	1.327	1.355	1.286	1.214	1.251	1.219	1.118	1.341	1.329	1.39	1.39	1.36	0.311	0.463	0.4505	0.108	0.253	0.1025	0.308	0.096	0.097	0.165	0.094	0.746	0.095	0.104	0.12	0.095	0.152	0.092	0.1	0.092	0.103	0.099	0.099	0.13	0.103
69:00	1.2765	1.295	1.306	1.133	1.153	1.1415	1.301	1.317	1.283	1.276	1.235	1.33	1.353	1.326	1.355	1.288	1.212	1.251	1.219	1.117	1.34	1.328	1.39	1.39	1.36	0.32	0.473	0.4535	0.1075	0.258	0.1025	0.306	0.096	0.097	0.169	0.094	0.745	0.095	0.104	0.12	0.095	0.151	0.092	0.1	0.092	0.103	0.099	0.099	0.129	0.103
69:20	1.277	1.295	1.306	1.1335	1.153	1.1415	1.304	1.317	1.282	1.275	1.236	1.33	1.352	1.326	1.354	1.289	1.211	1.25	1.217	1.116	1.34	1.327	1.389	1.389	1.359	0.326	0.482	0.4535	0.108	0.263	0.1025	0.307	0.096	0.097	0.172	0.094	0.745	0.095	0.104	0.12	0.096	0.151	0.092	0.1	0.092	0.103	0.099	0.099	0.128	0.103
69:40	1.2765	1.295	1.305	1.133	1.151	1.141	1.304	1.317	1.282	1.275	1.236	1.33	1.352	1.327	1.353	1.285	1.213	1.249	1.218	1.115	1.339	1.327	1.389	1.388	1.358	0.332	0.491	0.453	0.108	0.266	0.1025	0.306	0.096	0.097	0.176	0.094	0.748	0.095	0.104	0.12	0.096	0.15	0.092	0.1	0.092	0.103	0.099	0.099	0.127	0.103
70:00	1.2765	1.295	1.304	1.133	1.152	1.1415	1.301	1.316	1.282	1.276	1.235	1.33	1.351	1.325	1.353	1.285	1.215	1.249	1.219	1.117	1.338	1.327	1.389	1.387	1.357	0.34	0.5	0.456	0.108	0.27	0.1025	0.305	0.096	0.097	0.18	0.094	0.75	0.095	0.104	0.12	0.095	0.15	0.092	0.1	0.092	0.103	0.099	0.099	0.126	0.103
70:20	1.2765	1.295	1.304	1.1335	1.152	1.1425	1.3	1.315	1.282	1.276	1.235	1.329	1.351	1.325	1.353	1.286	1.212	1.249	1.217	1.115	1.338	1.325	1.389	1.387	1.357	0.348	0.509	0.457	0.108	0.277	0.1025	0.304	0.096	0.097	0.185	0.094	0.75	0.095	0.104	0.12	0.095	0.15	0.092	0.1	0.092	0.103	0.099	0.099	0.126	0.103
70:40	1.277	1.294	1.305	1.133	1.153	1.1415	1.3	1.315	1.282	1.275	1.235	1.329	1.35	1.325	1.353	1.283	1.212	1.247	1.216	1.116	1.337	1.326	1.389	1.385	1.356	0.354	0.515	0.4545	0.108	0.281	0.1025	0.304	0.096	0.097	0.188	0.094	0.752	0.095	0.105	0.12	0.096	0.149	0.092	0.1	0.092	0.104	0.099	0.099	0.125	0.103
71:00	1.277	1.294	1.303	1.1325	1.151	1.1415	1.301	1.313	1.282	1.275	1.236	1.33	1.349	1.325	1.352	1.283	1.213	1.248	1.217	1.116	1.336	1.324	1.388	1.384	1.356	0.364	0.521	0.457	0.108	0.283	0.1025	0.304	0.096	0.097	0.192	0.094	0.753	0.095	0.104	0.12	0.096	0.149	0.092	0.1	0.092	0.104	0.099	0.099	0.125	0.104
71:20	1.2765	1.294	1.303	1.132	1.153	1.1415	1.3	1.313	1.282	1.275	1.235	1.329	1.349	1.325	1.352	1.284	1.211	1.248	1.214	1.115	1.336	1.323	1.388	1.384	1.355	0.371	0.53	0.4565	0.108	0.289	0.1025	0.304	0.096	0.097	0.196	0.094	0.754	0.095	0.105	0.12	0.095	0.149	0.092	0.1	0.092	0.103	0.099	0.099	0.125	0.104
71:40	1.2775	1.294	1.304	1.1325	1.153	1.141	1.3	1.312	1.281	1.274	1.235	1.329	1.348	1.325	1.351	1.285	1.209	1.248	1.216	1.114	1.335	1.322	1.388	1.383	1.355	0.38	0.537	0.457	0.108	0.292	0.1025	0.304	0.096	0.097	0.201	0.094	0.753	0.095	0.104	0.12	0.096	0.149	0.092	0.1	0.092	0.104	0.099	0.099	0.124	0.104
72:00	1.277	1.295	1.303	1.132	1.153	1.1415	1.305	1.315	1.281	1.274	1.235	1.329	1.348	1.325	1.349	1.284	1.211	1.246	1.214	1.113	1.335	1.323	1.387	1.383	1.353	0.387	0.547	0.458	0.108	0.297	0.1025	0.304	0.096	0.097	0.202	0.094	0.753	0.095	0.105	0.12	0.095	0.148	0.092	0.1	0.092	0.104	0.099	0.099	0.124	0.104
